1,#rock,super,hosienation,#myfav,accept,messaging,austin,moves,chant,#ventures
2,tool,nineoh,httptcojzuvolsxw,popup,httptcoxajyqiz,cook,human,blank,hayesy,niggas,vs,experimenter,la,#efficient,juvefc,born,marks,httptcotbbraejdpbeautiful,bloisolson,sox,mallhelp,c,fighting
3,daibyday,performance,httptcowdclsclk,#nailwraps,#notok,alot,httptcoqhjferumw,islamic,advantage,train,soon,#saints,webster,#focuses,#ifyoudonthaveanythingnicetosaydontsayanythingatall,shotgun,spell,#just,fate,httptcoecmzq,scorer,global,x,met,httptcofbfgovp
4,win,newyorkfbi,#saintsfc,#ninja,juve,#cleverclogs,#enlightened,jonathantopaz,marys,dealing,looks,without,lrs,#ride,wtfwasthat,wife,httptcovslrbiohyr
5,stark,sunny,camera,husseins,djaznh,#fitfam,lonyngwenya,auntflo,godisalivenrock,eight,pattens,semi,howsam,lovers,wbu,cuz
6,#happy,terrorists,antagonize,atm,retarded,xiaomi,httptcoqbccghdoie,steam
7,warmer,#cpc,cost,latte,players,hang,copperbronzed,pays,#you,#dancehall,nominated,#twink,indictment,civil,#alone,sort,accents,expected,httptconzjjzyqo
8,logged,#peshawarattack,#llc,lebanon,liberal,roulettes
9,aka,#loss,dragging,iamedem,#hateschmoozing,whiteboard,#sorry,#bestie,fuckcrucifix,june
10,camerons,#moving,yep,#globalwarming,#endracism,#with,join,pollute,proposals
11,wildsau,refreshing,alimhagan,okay,energy,keeps,tbt,#hirefriday,#punk,#luvvit,topspinmonkeys,httptcoeqoovuw,taaalia,srossi,#wtf
12,budwieser,wtf,becomes,jumbopaperclips,#fashionplease,bonka,jims,datwavemagazine,httptconqmiihtlll
13,garciasn,httptcopblexowex,#gosupersonicquikraboveandbeyond,#fashionable,ryancorazza,sororitypups,darn,compared,ido,boots,hozier,vcricketau,carding,#elvis,#chattyman,#tech,httptcocvfgpghzeb,hoe,timed,#howaboutno,orionslu,intimissimiofficial,fatebell,followed,corps,private,#vice
14,ensures,#busybee,#rivertrip,alive,kidcodyyy,given,httptcolcyaxwpc,strappy,httptcofhczsu,salt,phemoi,hardline,photogenic,speaks,bl√≥t,inches
15,troyrenck,#cpfc,#hypebeast,httptcodwchloln,httptcorifwvimk,depth,meaning,bigjdog,protection,business,sabbath,sumtin,injures,cos,fvcken,mikeviceo,#violence,myzzcryz,buffalo,#bestfriend,although,drama,management,mediumvillain,httptcobfvvnqz,huh,infamous,#historical,produce,httptcoizmygpj
16,cbs,httptcolyrhulnsw,encountered,#stations,#finalsweek,#crashed,#oters,#trip,purpose
17,td,alotstill,espresso,lake,patrols,tortugarouge,httptcoocbunaed,beyonce,#king,manually,httptcoabzuoom,breastfed,yelled,number,#massive,#twd,#internationalharrystylesday,snuggled,chuckcjohnson,#smh,gorj,weird,aguero,#sketch,vaccinations,north,anncoulter,#bikes,cocoa,reelected,stood,#blood,#feeling,errolnazareth,linkedin,#hiphop,stephhammy,clickbank,hindu,steal,roberth,embarrassing,httptcosfrlhyg,leggings,httptcoenfdvuhn,meal
18,doghouse,lavashak,httptcojglyhsmwiy,sentence,justice,boozy,ache,pretend,ffs,shes,espncfb,temperatures,feds,condolences,solitude,died,dnt,#cat,akhtar,crusade,advertisement,#xmasparty,#his,#fbc,#stphoto,#biggest,buddyhows,strapon,citibike,#breakofdawn,expressed,commit,#universal,httptcoracxdsz,original,#goodmorning,explosions,clan,httptcomuxauczm
19,says,socks,cyrus,asked,ten,#expensive,dlscord,eiafc,tax,subichaturvedi,kills,control,mapleleafs,#shanghai,enh,#sayno
20,apps,jencita,poses,redtaurus,tomwookieford,#stupidity,bassemmasri,httptcoitzswbksz,slew
