1,dear,brrrrrrr,#ä½ å°±ç®—éš”æ ¼æˆ‘éƒ½çŸ¥ä½ è®²me,kinds,entourage,stlyou,mobyhump,latest,saying,msm,pras,miserable,#turnupppp,barbiegirl,#todayimloving,coanchor,lov,foh,exotic,brownies,timowensby,httptcocnnvfdf,scarf,smear,steal,seacret,#dream,#socute,todayfrom,tempting,uhm,pregnant,mouses,togethernicely,matters,#butscheming,#arrow,#attentionwhore,roshpot,percey,would,sports,atomicdeke,#drawing,#badday,#stations,httptconaswvjnlze,mins,abptrocket,httptcowccemikw,#blip,httptcoooadidxzk,crazy,orz,#yummy,wickedly,blankety,ironspike,henderson,friendly,inch,viewed,actor,tas,flaminggrillpub,bigwoodysshop,fiji,catch,#much,djdaro
2,rarely,folks,cut,noo,pop,jumpsuit,onhttptcoyqdphfzkx,antimicrobial,janr,httptcokshhpsknq,#adorable,table,umngive,sacha,wildsau,species,httptcoqapsgoqnh,home,gg,gerrymandering,stormy,#stubborn,#motion,zafshabir,pdt,#akdelhi,bearable,bungie,unfollowers,sidewalkjr,#obamacare,thisyou,rand,whole,banderson,shoe,hungry,bigger,#from,firedall,vehicles,#yeg,lidshats,#bij,httptcolcttrvasn,note,australian,#college,#tfl,beaches,#bbloggers,httptcocsosxxzzn,development,cable,man,celebration,someones,nigga,porcello,#knowing,goaway,tiggr,wilw,human,exo,#essentialservice,though,#interiordecor,gronkey,#flying,soweto,httptcofngpbfyz,#acidreflux,op,seats,#praying,nissan,weebly,#cavaliers,httptcowbnerxgqf,guntrust,exposingukip,brave,craigavonc,beckthies,relate,detention,chelsea,smithjim,bust,facing,gay,depth,clickbank,ntfc,alyssaanicolel,httptcordixdnati,conservativeno,owe,ptcl,creso,#sports,#csr,#twat,#tampa,#distance,andyyoung,starts,ukras,whatsoever,httptcojwiqpv
3,sitting,httptcoucnqeruds,#respect,rabbits,wadicamacho,orthorize,#cisco,sums,#jakellmitchell,#lafire,google,#justinbeiber,sit,outtaherrrrreee,picked,sabbath,jamieoneball,httptcoslfluggkx,#wont,#save,peppa,plus,themindofjdubb,tuesday,professional,#instagram,incident,thomas,daily,nervous,#day,#mood,overthen,matter,law,httptcowdclsclk,blakenath,omni,httptcovvsvsenmf,vacationsreimaginedreengineeredreborn,keirsimmons,worthy,httptcosfrlhyg,mixtape,hunim,cora,#blackpeople,mix,tunnel,jerryjizzum,#always,#chickfila,took,#zemirbegic,nation,#distractions,listening,#jewels,vencÃ­,#extended,illegals,u,embarrassing,#why,paradise,servers,obamanomics,#racepimps,#democracymatters
4,laugh,nights,childs,yoga,layered,ethic,#triedandtrue,#heart,#watching,give,httptconrxogfge,brooke,httptcojcrsursvld,#marketing,#godmother,dirgahayu,fear,#happythanksgiving,whitehouse,httptcopluqyyyi,repeating,asked,usc,loathing,chtis,#blondie,ahtohg,lecturers,waah,blessed,democracy,#opec,seeks,building,awful,effervescent,obviously,basant,dram,connections,ayee,ng,googles,soar,nightengales,#rangers,union,#crescenthead,httptcoqguzhhtxa,elephant,dois,systemwhat,ecb,ladx,hoppykristin,httptconvseixen,legolas,arbys,tats,ashamed,carrey,tricks,#ukraine,sauce,kupotea,zealand,#jax,sadly,httptcourtipuzqz,injury,saic,score,#iea,canonized,temperatures,nowadays,short,berkshires,#husband,dab,nelson,booked,httptcopepdwh,bigcatmpls,facts,caguas,#flood,#upx,#s,halted
5,peat,morgan,decision,alexstearncom,mplsgilyard,know,clivessmith,connormcdonough,lkoch,balanced,#bibotour,squirt,#isis,vinyl,mcrodyn,sign,strangers,silly,ford,defense,marks,nominated,ticketsinfo,ambien,nm,#bts,nicolescherzy,dipmagazine,erinalso,httptcowmnwignrm,closer,bf,#topform,lay,badly,restaurants,#jessejackson,jonah,#seen,httptcoslhnhmnoxh,southsidesteve,mismatched,obsessjust,michael,flwthemusic,mmm,artists,tis,reuters,#kids,#nope,bertrand,#give,#geek,sorted,#special,fisolanydn,greed,racist,#xmasdo,#best,#female,wtfwasthat,#four,trashy,pgames,httptcotflatecu,warthat,#nephew,poses,tastes,endorse,cleen,#wanted,brumchamber,remake,shopping,hrc,#between,weojispeak,lawsondath,afghan,httptcothyrbdtg,slinging
6,kno,staring,assume,httptcocxjigjmwaa,comforting,round,server,accessory,#modere,showing,parameters,eating,little,seanbhoycfc,smartphonehttptcoqwbriavksmartphone,#over,hahahah,hehehe,afight,cartoon,#know,#oth,ep,newsroom,interviewed,calgary,praising,yousee,sxl,played,httptcozcptjsqn,#gift,leadership,frustrated,#making,dani,httptcojniwuipj,friendalways,bringmethenews,bday,rumoursimadiva,represent,#socialmedia,#spiderman,footie,articles,reserved
7,angryface,sked,#italy,#of,preparations,ate,#tasteslikechicken,oo,#momgoals,httptcouxgalyjdr,declared,httptcodeanrhyp,#loveyoubro,#mud,nonsense,#atmosphere,jump,#black,#web,presents,#tweeting,packing,shocking,jonjaygroden,httptcoawsifjff,respondto,td,#comedy,wtvr,#intel,httptcotvnfnwtn,#spinless,dodging,#santa,jman,uneven,eyebrows,gotta,pull,partnered,without,httptcoqqqcifaxa,thanked,job,httptcofbddxmien,vries
8,httptcoiazvrbec,mjbrothers,smoked,ting,bluebellgray,#bestdayever,unlock,#alice,expirienced,parts,httptcoltengodmk,mountains,#it,#scaredycat,damned,desperately,#success,paulgoonerw,thegameawards,#as,blog,bubbemeinseh,ranceypants,shite,nuds,#film,amazing,jsteigleman,serie,loon,crying,#lovenonfiction,defending,#bhp,husband,informed,cerivera,ummm,fredwimpy,pops,classi,#moda,#sea,gaiÌ‡n,#islamists,calculator,morales,eua,httptcolxfkhvszm,httptcotdbplsxsn,slight,churchhttptcoqwbriavksmartphone,blogoferised,tahnthe,tharaazzam,#reported,style,#seniorbrunch,djiglobal,httptcoppfugqgl,bloisolson,#breakingbad,httptcoovsicylfr,#stuff,httptcopviorlrxc,bradfo,dearmothica,hayesy,woods,location,khallilah,firefighters,aspirin,#lastnight,#stinks,cocoa,loyalty,sopitlikeitshot,stunning,#crown,scotsfyre,chap,thad,discards,antiamericananticonstitution,listener,grill,yeovil,kona,position,#cleverclogs,stopped,winner,node,#daysofchristmassweaterscontest,#jinping,loveeallyy,videos,#fan,apartment,redefined,#resigns,hill,excited,lel,motel,ahaha,annnnddddddd,#thort,riot,tee,doesnt,bruce,meateye,#instasize,#expensive,theangryranga,mccormack,james,zinnsanity,#redskins,gooooolol,#yesterday,syresatt,exchange,obssesed,#orionlaunch,httptcosnbfniirz,#sadface,dirtydeathdog,onecolleen,boozy,#us,finish
9,internet,something,helpmore,fainthearted,camogie,correctly,ga,task,httptcowurvvvjw,sophielouise,mysterious,#im,youtube,vaguely,#tblightning,ignorant,sector,space,help,httptcotzwekjkvd,sharnawoodcock,billisfps,civilians,hits,authoritative,cold,experts
10,offer,kiss,noflydawn,interviews,metronewscanada,frustrating,aguero,#quoteshttptcocwfaiafki,ilgdaily,intreegme,#tampabay,color,favourite,#getting,smarter,wont,#modern,tattooed,clan,#hairdresser,brianbullinger,following,httptcoffxzpeaetm,problems,tweets,thothis,emotional,noted,manual,code,dji,#outlook,#longnight,#got,threat,httptcocjnjwxwnu,racismbell,bianconerifan,#charity,#giveup,georgeous,httptcouyojbgmrq,andrew,missing,flows,congrats,#beingproductive,gomes
11,lighting,parking,sydney,first,overseas,referee,#jebbush,fuck,#analytics,vols,pointless,feeding,az,eskomsa,suicide,either,mmmm,soon,samuelsamf,campaign,kwapt,liberalism,#limbs,jessicacameron,orange,photoset,av,president,block,insulting,ellielippitt,specially,figure,#along,httptcomnkiirqsl,#burrito,faceunlike,simple
12,#sayno,jerry,#god,#coffee,faded,#should,accounting,stretch,alternative,evcindia,httptcoicpdcaonq,sessions,kid,versatile,noellemillis,pulis,southampton,salt,#fallenheros,#kitsch,dumbest,patwilsoninfo,although,helping,surveillance,ticket,#lmfair,httptconjykhfpq,bobblankenheim,#says,order,dailypotatonews,item,#aday,bless,#president,manually,andjwest,kindness,#regular,rtredskins,stealing,mall,chilling,rolling,main,jaded,doubt,matchup,#letchworth,inanimate,httptcopivorik,httptcokmdqnizp,httptcobpsxpiqk,hazy,httptcoiycxwp,ellakcx,seller,reminds,power,callofdutyaw,#wifi,saintsrugby,wonders,trial,#fallingwithstyle,squeezemylemon,#wow,thot,#father,manage,springthunder,nuggets,httptcowezmobfj,#labour
13,chillytimbo,httptcoxrbghzk,jonmorosi,true,httptcomllegc,galbdxb,#fuckyou,judged,nxt,condolences,toread,httptcocxjxicoys,#keepgoing,noche,big,sumuckingmoney,storyhttptcoimjofpe,kidcodyyy,#never,#globalwarming,httptcoltwydhzff,yeaah,attack,less,#he,#publicduties,honeymoon,excuse,dimac,#tipsy,httptcogkwkjvtrku,ananvii,dream,#run,complex
14,corner,sox,countingcrowsto,httptcovrhzyjisp,ventures,hour,inamorata,forward,cried,added,gronk,matt,#oops,#theboysarebackintown,still,yelled,tootin,josephwarrendr,#bearish,manuclearbomb,dividing,witness,newyorkfbi,secret,#legend,togepi,httptcomuxauczm,wednesday,onejoey,#chezza,lolz
15,peoples,franchise,#sad,httptcotgrkuynj,tlw,jan,outside,crew,studioloraine,#goodnight,dementia,moved,gun,httptcoqapwmghk,rubby,dares,#hadenough,#goodmood,#balenciaga,#jamaicaobserverandroidapp,espngreeny,stress,earlier,#nh,httptcoaqdorjwb,pastries,httptcohjrcawtqx,america,#seaandwhitesands,types,okc,birthday,maintain,#tarponsprings,#nightclub,sunbut,officialnffc,exact,adanis,atviassist,#volnation,izedricxgaza,#beginning,tellychakkar,ensures,marvelousuk,datwavemagazine,period,rabbijason,httptcozpdngfwtjh,jareddudley,ftwpodcast,bobthegreatooo,drips,novels,#idiot,forbidden,represents,appreciated,requiring,#hell,#nicolescherzinger,#sotrue,#girlygirl,httptcosdrbytnd,babies,mercy
16,accessories,lot,#cultivo,spotify,jkrowling,clarification,opinions,#list,holy,tehndiamond,aleciamarie,#princes,met,family,quarter,bet,forever,#clinton,stevepulcinella,spelt,quota,mvp,bdutt,sat,#racism,easyheres,httptcowywfuui,httptcozinlarapi,httptcortwqinv,recover,solid,tied,difference,flamingo,#shell,angiegalifas,destabilising,sammels,#matters,pen,#sick,#relax,sample,#classic,tsi,everydaysexism,#trades,georgia,crimbo,lohan,wine,sentence,whoever,#moment,shhhhhhnobody,researchers,mikeisler,hizo,#dude,dow,crimes
17,glued,#fine,due,#office,peeked,retweeted,pcarsenault,nikkigrahame,singapore,appearance,aerialphotog,httptcookfwzkwomq,x,grades,#spudshed,account,fine,bes,cozmando,kojakm,studies,cos,notifications,#chills,mammoth,giant
18,accepting,disturbed,million,infer,creepy,bony,vhsupersonic,quote,#brakiest,sungirlaweboybecause,#fail,words,ðŸ‡¼,zoella,end,quickquick,tv,nnn,#champagneexcuses,corset,milan,mechanism,model,beers,pg,httptcosneaeeah,shovel,infiniti,gears,#sayyes,winged,gopro,kitchen,begining
19,httptcofajxkzufg,#if,behh,#uk,lionhart,httptcojurdwnoqz,powerful,wind,#whatmorecouldaguyaskfor,#buzzkillington,#stronger,pictures,mrjamieeast,considering,#feeling,httptcojcwwywc,stuartscott,trying,porygon,baghdad,ass,#getthisoutofmyhead,win,unknown,supposed,httptcosfjmzpfd
20,waited,faith,httpstconiwsfmbc,#affluent,imperfecto,#tsu,breadsticks,#nedition,radical,lols,dreams,#hategasbbqs,raptors,chenua,policymic,mystic,sing,mrmindmiracle,haugenma,metric,liked,definitely,enfieldspurs,crumbs,firstborn,india,#look,nite,#myfairdaily,#curable,#merrychristmas,mrsmkhitaryan,meadows,giveaway,httptcozcrjaowpqz,taking,showed,traviiiiis,#guardiansofthegalaxy,#daymade,omg,shittest,httptcofzhwtnzaf,opinion,fever,carding,altruda,#another,sofa,cutest,breaking,httptcogifouiyml,httptcodsunuqltyw,sxy,#mainsteam,strapon,busty,lacked,thunderbugtbl,claybo,fromthebarn,sushi,delish,fitmotivator
1,normwilner,#triedandtrue,solid,occupy,mailonline,spending,ignored,son,information,#cultivo,educated,lindasays,#busybee,#tipsy,moving,confirme,temmyafc,ritualpart,#today,dirks,dj,choosing,report,#stuff,drinks,gas,hostages,restlessduncan,mikereiss,craft,#brakiest,ball,injected,jacks,unknown,#time,peppa,getsthrubuckner,unemployment,abdullahazfal,civilised,apple,flip,post,latte,winged,fellows,unfortunately,nominated,multiple,#church,#card,british,cramming,#ov,swallowed,charleydaveler,barbiegirl,httptcofihlieeyt,apricots,#loss,total,#food,#corner,myzzcryz,respondto,mikertrice,dusty,frees,httptcoqbccghdoie,lel,jtomase,everrrrrrrrr,httptcohjrcawtqx,#chain,testedjimi,stitches,#hfr,everybody,becassine,#howaboutno,#twitterproblemsforme,xxx,celebrated,httptcojcrsursvld,championships,httptcobmgfu,caribbean,#raising,chestnuts,smartphone,teller,#lotro,package,secrets,#summer,gayingmorality,perspective,#freakyfriday,pair,#socialism,httptcodrzwqghq,#fcc,scoopdoggydogg,hizo,integer,#color,washwizards,abstract,shittest,tumbler,connormcdonough,#atheistproblems
2,communitymike,gazthegooner,#tga,latest,nimbletechie,harrietbaldwin,whats,#appointment,loyalistradio,adapters,friends,#icantbreathe,iwritethings,babygirl,#mememonday,fuegalove,#cpfc,changes,boobs,sanfranciscovc,#theboysarebackintown,anyway,people,sponsorshipgrant,httptcoicpdcaonq,httptconeazkoivt,televised,httptcohirrynd,consistent,sucks,dollygarland,girls,beckthies,metronewscanada,prime,legallyblonde,romance,cavity,#foodplease,tour,scute,told,brandontierney,gibson,ellakcx,httptcofknbtnus,prayers,redfmindia,#afraid,slow,malls,possessed,looks,shell,httptcojzfrsfxsbo,#driving,urdu,postinghttptcooxybfwwwb,blond,#patiopics,#tfl,boltsbythebay,dodging,lacks,#atlas,lavin
3,httptcoqgifjayu,youseehttptcordlrugnie,httptcooeyqkfag,shes,tells,traciscampbell,#gtx,conquer,condone,Ã£,#lovemyfam,#alone,#lows,noflydawn,agbaje,wifi,stevepulcinella,httptcozdsetth,irish,#tink,learn,#mustwatchbdecemberendssobssobs,buying,refs,science,lamenting,#icc,raving,control,opedmarketing,joker,fries,intellectuals,lying,themacallan,sincerelytumblr,styris,rather,head,wanna,vici,among,#bloodshot,dozen,#wingedwarriors,reedwilkerson,willing,raiders,livejazzman,#marketingnewbie,industry,newton,cups,#reform,cough,#seniorb,#michaeljackson,caps,pain,contingent,result,#strawman,httptcournbvuxyyn,johnhenson,#lblogger,vacation,#gosteelers,#whynot,mix,feet,telling,flag,togepi,#smartmove,spenergypeople,illegals,#meet,#knowing,#googlemapcibae,strappy,fredo,httptcovubrhoif,copperbronzed,atheist,dbs,#cdnpoli,#dancing,basant,#glasseverywhere,#noproblem,disabilities,sun
4,wow,mercury,beezageeza,owners,joburg,hardest,#keyboardcowboy,wonder,#hours,mylittlebloggie,#yay,story,#notjustwordpress,hip,jonathantopaz,eu,grow,#bad,#nowplaying,doforsarawak,#iloveit,seems,grammar,mess,forum,#idea,mbbbt,shut,#nedition,starbucks,â„ƒ,singing,knees,tiggr,#internationalharrystylesday,context,thry,come,cutest,#tmi,belfast,juncker,#wifemeup,erraji,projections,monitoring,rio,confirmed,camacho,sore,cheeks,#grades,murdering,beer,#fuji
5,requested,books,dragging,ashleyrobertstv,#kimk,#tistheseason,richdiced,prize,thetweetofgod,lilli,scent,#spam,patrick,browser,#if,httptcopsynplsje,hits,delish,foment,churchill,reply,#paint,httptcohhaomrv,httptcoteefiqvby,across,delicate,engineer,driveway,#topform,endangering,morgan,#overweight,httptcoiwmpsjj,httptcotzwekjkvd,number,#wifeyseries,space,detention,clear,quiz,#twat,jessicacameron,breadsticks,#sweater,#onetreehill,kennisibueno,#pdp,discards,#israel,taste,tari,#comedy,#anymore,cranial,httptcozchdgjzrhq,monkseaton,sowinski,moonlight,end,#beautiful,neighbors,races,dailypotatonews,alexspeier,accurate,listening,sighs,rtredskins,mysteriousfact,#vienna,httptcoghhfbkywv,umngive,weight,tehndiamond,kipmooremusic,jdfromny,#d,#literacy,#turnupppp,httptcobzmtfrjaq,#phillhughes,shudder,veni,act,loughton,mac,dawson,ollielocke,ruin,hairmsnini,second,tip,#universal,procrastinating,waa,seangrandepbp,satisfied,mn,flowers,icelands,gerrymandering,underrated,timdobbsphoto,httptcogzlqidhm,#boselmodel,rubby,#gophers,hmmm,httptcotvnfnwtn,#motivationalquotes,#violence
6,bya,willuk,smell,#acidreflux,phillies,#acvictory,thothis,private,lone,accordingly,delivery,chillytimbo,youtube,maneezafmcl,doomed,actions,justmyron,httptcomvgjcml,choose,taycif,policies,vanstrael,mar,bad,search,entourage,#bff,coroner,rose,sportscenter,responsibility,nasty,bb,#along,fnc,devolution,binge,sample
7,codeorg,elektrik,httptcosfjmzpfd,prunes,completely,vinyl,discodavejohn,pt,mehrtarar,ceta,djdaro,sophielouise,httptcoaqttdxyn,democracy,thick,subscribe,startupgrindbuf,#chattyman,footie,#coalition,sopitlikeitshot,gaiÌ‡n,ummmso,achieved,#uplift,frozen,juve,taylor,httptcowezmobfj,<laugh>,lilybird,parisbreedenw,#totally,simple,#dream,#sleep,#of,southsidesteve,#miracle,#guilty,earning,view,#grateful,#obamacare,mathowie,#know,minister,httptcorouqlllaf,#manchester,sense
8,parent,extension,calendar,uptodate,cape,vt,maybe,count,penalized,anal,outlaw,httptcoeqlncitpk,anymore,chunky,revarun,dragonmm,lords,jonmorosi,quota,ravioli,cwmmate,ðŸ‡¼,jessicaxxx,protestors,#newjob,grace,horse,leaked,finishedits,httptcoujgpplgal,vcricketau,themed,httptcodsunuqltyw,sherrodsmall,systemwhat,askplaystation,httptcodoyuctmf,aroused,meateye,sbryanmusic,committee,httptcozwxwmiu,#mtvstars,#worth,pic,inevitable,teenage,pakistan,#homebasedbusiness,take,#notonwwell,annabelluxford,hovering,meadows,#software,thanksone,ebolabut,chattyman,relevant,httptcohijafnq,httptcotpmwdvwcw,hybrid,prebooked,religious,exposingukip,street,cold,#orings,shitty,shared,territory,#europ,review,#request,hotdog,rarely,thirst,robert,laurarubin,#nov,co,officer,gb,tab,masongoodman,nails,winning,wear,try,comic,graves,httptcoiajhixsobb,#jewels,infamous,ter,letters,itssocakey,news,httptcomxhpcrm,app,liamwalker,tick,sweater,proudmaryboise,viggiekopite,charge,#opec,skills,norpolfootball,#safety,basildon,squeezemylemon,#greensmoothiegirl,shocking
9,email,#drill,hiramabiffarch,#dickheads,#sticker,httptcoqispancb,heavy,slavery,reuters,thisisianhogan,hahahahah,#thebear,speak,#foxnews,stats,jonah,#run,horses,#cleveland,leveluptime,httptconvseixen,#nope,freaking,switched,hammering,amendment,thnryankennedy,snowing,rhilox,honest,flamingo,sunset,httptcorifwvimk,httptcokpgulog,#wet,#wathttptcorznksf,startso,#atheism,vicenews,#putting,#landrover,campaign,wikileaks,httptcowokwevdvrp
10,httptcowzlnwsrjel,sz,gurus,httptcoaxdaxqc,fallontonight,overspend,ask,radical,httptcowurvvvjw,#citiwalk,padded,httptcofbpsjkyyk,#nasaorion,httptcoofsmwjt,#distractions,artist,cavs,#nz,immediately,#best,#llc,probably,menagerie,gdayjohnkim,httptcoffxzpeaetm,opening,hang,medschool,mestudmuffin,snuggled,ronaldo,tears,#seavsphi,professors,brutal,#oters,sick,around,theviewwhoopigoldberg,#darumaka,egyptian,#yescracker,ev,imjayded,#noah,#tweeting,londonbum,chillax,#earnaview,nikkis,httptcoyojhvuan,#howitworks,front
11,#like,stimulus,firefighters,#iceage,tonybarrettimes,pledging,allegedly,#mt,organizations,settle,httptconjioygex,shindig,chase,acatholicprayer,hold,#momgoals,practitioners,riding,xvictorialeighx,kebabs,easily,pretend,hump,httptcolxhkhdw,given,imfatherjack,meats,buddyhows,defensiveif,cnsnews,bsbutcher,made,#christmaseve,#hope,crumbs,td,bot,#northernline,phone,archive,business,birds,soldado,donniewahlberg,myfairdaily,travel,httptcoenfdvuhn,silly,lmao,mccain,#cubs
12,thornton,#peaceonearth,#humor,httpstcomvdliois,#running,gopro,nalang,#neverlaughed,divide,faith,proposals,comprehension,official,crazyshikoh,httptcoaqdorjwb,vet,dorm,ultras,stash,copy,#boy,delirium,#watching,httptcojvosrvuo,livelihood,mountains,fadeway,#almajmoua,perpetuates,#copocracy,httptcositshhmw,hooah,httptcotjneqknwdo,warmth,yousee,tobymcdonough,#empower,#alabama,okso,encountered,moment,opposing,calgary,audi,#insulting,jerridsebesta,terry,anywhere,malesurvivor,decide,#chips,meaning,jaeethaprince,totalbiscuit,#x,mum,bobert,mobiles,grade,wcco,httptcomoxmka,pbuffkin,#sligowillbehithardagain,waittng,rockefeller,halting,buzzing,quammunist,#hungry,inspiration,popsmcdaddy,hahah,toread,also,considerate,roshpot,httptcopnsype
13,dictatorship,grandma,interest,fiesta,#ifoll,belt,httptcofviot,stocking,httptcowldspqat,httptcomsbhz,#sotired,#wifi,iiiiiiii,la,#notok,#honor,#state,nogo,mulcahybrandan,wadicamacho,expressionor,keeps,blackshirts,complete,#life,entrepreneur,trivia,#gottalisten,#toeswell,simply,obligationfree,castamere,cleartalkingcom,ciara,httptcowkznvknhp,could,blogoferised,rocks,patrickrowe,milanforever
14,#stillcare,#worstoutfit,two,day,#malawi,#never,animals,httptcordkoffs,rubios,nonfactor,negation,favourable,#wemarchon,geico,nikes,#pjtv,sevangeline,enemy,theatres,#keepitreal
15,#with,explains,gist,#vestito,httptcojzmwkht,spotjso,#fun,httptcofkjazvk,httptcovxcvfckdjy,stunning,foolishagood,kiddos,health,muellnerpaul,â‚¬,httptcomxjxwloqz,myspace,#confrontation,wld,represents,#steamwintersale,name,consult,#rules,#finalsweek,lights,#blondie,earthpix,skinny,tb,#crazyness,navi,#finance,mplsgilyard,#talk,period,weve,express,httptcopnyzcsgi,aw,laughs,accents,#wizrockets,aaaaint,prices,#geek,#crashed,#motivation,bait,pak,shortstop,ng,asleep,#u,vols,#france,realtime,calzedonia
16,httptcoxrbghzk,httptcolyrhulnsw,#boring,gifts,talks,northern,fixed,edging,pray,point,stuck,tripped,regarding,spoke,#surubaya,kelly,#negative,hahahah,httptcoaydmcszjd,httptcopepdwh,#sportsentertainment,#beingproductive,jokingly,#bestie,kkoolpointz,dads,#eu,#nowlistening,following,#eyerony,prezzy,years,sessions,tweeting,none,pepes,home,rjguir,#couch,#kennychesney,personified,modere,dang,boooooom,todays,httptcokzvxglwoz,httptcoqqqcifaxa,srduncan,voters,bathroom,#singingoutloud
17,different,senate,machine,managed,destroyrobots,ben,himalayan,httptcothyrbdtg,butter,lose,haleemak,laurendye,bball,georgenickss,bipartisanism,orz,#personality,ery,#no,gods,burrito,dois,staring,directrhythm,pamper
18,boonepratt,llc,cabinet,spot,henriques,#bestselfie,#first,activity,cock,catwalk,yup,lov,httptcoejqetthit,dixiessixty,thuggmiss,instantly,appreciated,welcome,buddhism,misskylie,grenade,#breakingbad,hoe,ebook,asks,#blacklivesmatter,saltnpepa,holding,suppose,httptcopqbwadcdkj,peyton,ya,gop,#rockos,#love,#past,#ride,#flood,#youre,#absolutefavs
19,shits,lebanon,manage,amaliearena,peptides,ambassador,#qz,#struggle,jareddudley,korra,#jarroddavis,holiday,#season,repeat,saw,glued,fe,latinapicsdaily,#merryxmas,hoo,performance,red,nevermind,golf,#found,niece,might,expecting,ceeeeebz,#sharpie,liberalism,princesstayler,daibyday
20,songs,hat,buzz,insurance,devanaltman,met,annnnddddddd,tcu,pillzsufrie,nincompoop,#truth,yeovil,brotherssisters,practice,unicorns,wrapping,#sees,wheels,texture,movies,played,paid,sarapelissero,marks,cleaner,fisolanydn,#stubborn,baby,heres,proudly,decision,knw,within,nooo,bread,inter,familiar,bulbiest,well,httptcodusmzkts
1,lisp,alex,duchenneheroes,restaurants,morales,group,tsi,tmccarthy,banditelli,indyenigma,presidential,nosebleed,belt,raw,httptcomowdrxav,smartphone,httptcouaojvnf,gigabarb,snowing,acl,azealiabanks,sunderland,httptcodaksuvos,walked,tots,sit,brother,evermancoop,pressure,sequels,posted,httptcofsergobknq,display,#landlord,expecting,actor,jihadists,ffs,ginger,#kids,joehilgerman,dancer,flaminggrillpub,greed,blakenath,#stubborn,sidewalkjr,#youknowwhoyouare,#flying,httptcowxikqowd,niteshpandeyg,blackpool,mccormack,adapters,#xxx,#cavaliers,#by,delish,moving,punch,slipping,medication,shakurasaida,Ã«Å“Ã¥,uhm,#lovecraft,craigavonc,norpolfootball,uneven,favourable,heard,erraji,#sligowillbehithardagain,#icouldsleepforeverrightnow,remix,sense,mynephew,#mandate,#trip,booked,thru,thot,httptcoqhofbuoyj,httptcovwipkscxzv
2,magicalblondess,#fun,#to,onwards,sky,#self,#sundaydateday,knowonehome,#termite,httptcovqwdoxbru,fishing,#extended,#background,unsolved,#santaclaus,poll,taxpayers,wow,httpstcodqzyr,vidalovesvida,bjamesweed,iamgiantarmy,horrible,range,httptcocnnvfdf,use,codeorg,gotta,serie,adorable,agreement,conquer,seat,#riga,httpstcoavcydxsshop,liverpool,#cichlids,boardroom,ian,#summer,httptcomsbhz,turns,#recommended,#princes,chattin,duncanyb,delhi,monkeys,secrecy,products,benmaller,httptcoxyabzwuow,apples,pg,#saintsfc,#debate,themacallan,smear,httptcopblexowex
3,wearing,httptcodjcjlrberw,neighbor,weekly,#efficient,asleep,httptcoqispancb,passes,wenger,kipmooremusic,blunt,billisfps,httptcopepdwh,whats,dime,tootin,dad,fortitude,xxx,environmental,raysbaseball,cray,#instasize,thepdempsey,romance,#wifeyseries,parliment,vaccinations,friends,garrettaddison,stratoscale,comes,fatherdaughter,expectationsill,#beach,perspectivesadjustments,arse,lacked,amazingly
4,slider,rosicky,#struggle,found,eus,#curiosity,#humanrightsday,#twitterproblemsforme,bball,dnt,amaliearena,#haha,banderson,multiplying,hank,stores,httptcofngpbfyz,sex,httptcontkngoeg,ultras,stick,enjoy,sumtimes,parameters,xboxsupport,httptcournbvuxyyn,#oil,#country,#up,#meet,nxt,cleveland,#un,httptcotjneqknwdo,presentation,moon,alexabboud,bigbillybmoney,#reboot,small,dramatically,whatever,lifeidk,accounting,suspicious,#tarponsprings,bible,tough
5,somebody,injuryexpert,expert,#motivation,httptcosenboki,eastern,#tomwopat,mockery,#pjtv,skinny,oil,pgh,httpstcowlhydaexl,#universal,zomato,tree,#senses,shivering,big,tonights,cuz,sideways,httptcobmgfu,govelrufai,#italy,#sanctions,tozerben,newsvid,fbi,#bethethunder,nirvana,uncertainty,squirt,#stooges,#baptism,spoiled,cramming,#worstoutfit,#nba,srduncan,soak,bin,mestudmuffin,httptcohjrcawtqx,#indiefilm,#cybermonday,tellychakkar,living,cnblueperu,research,httptcofbddxmien,smh,legends,#jinping,jerryjizzum,jaketapper,member,httptcondwmkalim,#dontcare,lights,gd,iampjcurtis,santry,onsorry,texasfreedom,weekends,faved,bruh,underrated
6,arent,behalf,school,erv,throat,cough,diverted,greenflashbeer,sleigh,#dead,blankety,educ,lilybird,honour,minister,httptcoozmbprpr,scarf,electorate,yellow,inch,choice,#feeling,highfivelife,southsidesteve,solitude,veni
7,baseball,mouse,videos,son,#sad,courage,#know,camper,#wow,brew,peter,subscribe,kwapt,mans,specifie,bowlerbarrister,hospital,#fuckingwindows,vicenews,fitmotivator,wassup,cbs,lloydgallagher,pureplaya,bigtant,httptcoevndvemy,badassbraeden,ensures,engadget,#updates,notable,ji,signs,horn,httptcohojsctw,fit,ccsradio,grandpa
8,racist,lesbian,httptcomorbjpr,fixed,#drugs,climb,httptcoxlzkxsdys,successful,#rangers,#climb,willwork,#abe,httpstcogcuvyuxox,inspires,tv,tobt,fewer,theory,httptcoaqywhabsja,receives,yall,#ebayipadhttptcospbmzzt,kph,responsibility,challenge,sammiecurtis,Ã—,guess,httptcoeyyxtgq,patrickrowe,master,aerialphotog,httptcoatrrzeie,#gobonastick,grudgematch,httptcolhscmxrxnv,pain,wide,upstairs,#airstrikes,#jewels,replace,#cheater,countries,billvanglahn,#uplift,tricks,jtarleta,fadeway,priscocbs,httptcobumumrqh,moment,guy,serpentina,gary,plans,swear,slopes,#alice,kyliebearsewx,bradword,httptcopekola,tea,boyfriends,modereus,#identified,#hiphop,#gaza,#bluedream,dvdsya,sciencemuseummn,suit,versatile,httptcoqmbueeag,#daesh,comfortable,selfie,lifedll,leupagus
9,httpstcocpjzkegne,#lagos,could,thirdforthfifthwheels,#michigan,#yyj,#sotired,unsarcasticone,dusty,birds,majorlazer,senrandpaul,httptcoelzgqsxyq,loughton,appeal,cash,#funtimes,#society,researchers,#acidreflux,#notcies,anncoulter,push,prezzy,#herpes,tumblrthings,rubios,#titles,kisses
10,themrc,barbiegirl,nyormnyorm,brownbearmike,racists,tmjsteve,consistent,universe,l,httptcoxpnnjqmhw,adopts,dimac,caused,errons,craft,emotional,mouses,secrets,tlast,theyll,ga,#silent,sme,vomiting,httptconjioygex,insanity,impacted,#frca,proposals,council,#putin,commission,reject,taller,teenage,de,httptcoufdoclfm,pair,shotgun,crazy,box,disagree,dbrooks,scottjmcg,conclusion,#skill,drpeniswrinkle,ostrich,ntsikimazwai,whoever,#fitness
11,simply,dfwalertsctc,glass,ever,inferring,#textbook,horses,blog,#paint,httptcoaqdorjwb,penalized,based,pittsburgh,#yeg,sincerelytumblr,special,brotherssisters,masterson,#ukraine,focus,gr,planet,thelexzane,mammals,httptcomrrqcwoams,removed,httptcothyrbdtg
12,momma,httptcoyubegszvlp,everyone,liberalism,burgerking,liquor,juvefc,extension,jump,aches,sinus,#internetcelebrity,#all,relate,bday,braaaaaawwwwwwwwwp,injury,#jax,needed,parked,cloud,httptcordkoffs,stitch,thoughts,bw,#she,#no,mockingjay,aww,#voice,help,haadeap,#life,#oth,patrickstan,roel
13,httptcowihmbpfx,rather,sked,society,#blessed,wit,couple,pastries,hondolane,#boyswillbeboys,ezonelectronics,singleoloy,quite,hehehe,told,crisis,tempting,fuegalove,httptcoslfluggkx,rickmayhem,#qvaw,julia,sjws
14,nytnow,#oops,arbys,budgie,tools,insanerbrnetwork,members,meps,require,grade,httptconeazkoivt,hosienation,#dominos,#elektrikfantasy,celebrated,#ofplease,theviewwhoopigoldberg,rains,ahead,became,blast,prisoner,elf,related,yo,mix,youk,listener,amendment,#yoda,#uniform,forward,eight,ashleyrobertstv,deserved,httptcozqcccqa,feat,hops,singleology,injured,#onetreehill,fanshttptcotvgjxjydhsmartphone,basant,salts,front,daily
15,masongoodman,httptcoxyozlexznu,#followback,httpstcomvdliois,abptrocket,earn,#dickheads,wasnt,#angry,seeks,heroine,aquabreeze,waa,alcohol,httptcogkwkjvtrku,dat,httptcoitgrqbh,cat,#types,wednesday,httptcoxwyrlado,speech,foxwagner,#mix,rjguir,mean,obtoojiveforyou,#gtx,#quotes,hoo,#patients,irrespective
16,adanis,causeeffect,heck,httptcorouqlllaf,httptcohgoilgofos,#jesus,#honey,thanked,throws,ignorance,regret,httptcojvzduprtf,#nice,password,#crown,looks,quest,hype,#democracy,sissy,#areyoukiddingme,dig,bit,blessed,jerridsebesta,manual,butter,shoes,httptcozwxwmiu,#goodgrief,alot,lucky,rattleduck,httptcoiycxwp,footie,#antoniomartin,rd,golden,nz,nene,beermy,accordng
17,cocktails,snoopy,#person,arena,httptcoijmbpmowvl,hahahahah,httptcopljkgpsbu,fondly,rebuild,hartwill,httptcosfrlhyg,allegedly,creampie,healthier,footy,#nj,mymalsh,stretch,mania,httptcodngdzhbkuh,background,owe,rememberable,laurendye,httpstcopmwkrwqzo,engrossingfacts,serious,httptcoteefiqvby,changing,chosen,dianewilmot,tronlegacy,#vsocam,presents,#perth
18,victoriawahl,full,haleydinkel,httptcotdbplsxsn,taylorlynn,httptcomenszdik,ironspike,eastenders,sashadaisical,canonized,studies,youd,#articulate,fabulous,httptconujgrwwb,finally,httptcogcxgkgbhf,Ã£,#at,cleartalkingcom,#supporting,#gosteelers,republicans,therealhsk,bshantel,followed,encountered,chiefhttptcobsdujakxb,finest
19,#balenciaga,prospictive,raiders,thing,#australia,describe,ff,#instalisten,#weavers,mbbbt,#before,satanic,suffuse
20,davgt,gooooolol,dislike,dorlacoddington,#butscheming,course,readymy,werent,ninawmakeup,#rektek,team,condone,sunday,londonbum,shhhhhhnobody,nonsense,#sportsentertainment,#elf,#chief,authoritative,rangers,liamwalker,detox,active,drink,lexinreallife,treat,#needs,torontoist,#crazyness,ciara,millionaire,#drphi,hood,ache,pollute,httptcofkjazvk,larry,goingbetter,#stillholdingit,posts,hunners,within,#will
