1,meet,httptcoizolrkldu,joannelout,jumaanewilliams,inception,#sofun,timeline,supremacy,barackobama,cameras,lauraaball,igloo,factory,illegal,kroger,invisible,#bears,sunrise,father,#sexy,warm,#crap,busgaglia,hater,namesake,httptcobccpi,myrakhan,shake,revised,appreciated,wildlife,pussy,kisser,dont,#maybenextyear,goodnight,#worstsongever,strip,matterhe,postcodes,drop,#dayservice,backyard,dressing,significant,celticowlwisdom
2,grinded,selfish,#something,wing,well,httptcoxmzzkikn,reasoned,imply,waiting,#cfd,operators,#maybetomorrow,foulnecromancer,alwashingnutt,#laughing,weaponized,mmamania,#anker,coworker
3,#money,coat,louis,whisked,classy,tea,lets,bcci,httptcowifjeex,pretzels,thorough,cv,httptcoqdescaifsk,gavaskar,cray,hindu,area,polled,pcon,told,storyline,#torturereport,political,prat
4,frantic,httptcotpuvqwks,jeans,arnt,leaks,biggest,industrial,rapper,duty,#youaskedforit,#babyboomer,#drenched,#hindu,hunting,meter,consistent,httptcoyrhoniox,journalism,cells,caffeine,natasha,#outsidethelines,httptcoucmggw,bans,httptcolzdddchx,usps,priest,#notoldschool,#justkidding,hold,designed,pts,#win,ufc,takes,lanky,naked,willing,airasia,market,pleased,stoning,kanye,bh,wasting,gilester,count,responded,nigelfarage,consequences,belittled,jeremycee,tomorrowsostoked,ottawa,unlitigiously,whatsapp,kdunhamprez,finished,politicians,allergic,nosebleeds,west,#flo,rehearsal,safe,lecoincanard,iceland,bills,opinion,stair,sucksits,#karmicthought,actions,hoplites,drjanechi,services,mucked,gun,#stopthis,tumblr,acne,zoopla,httptcousjefr,mobile,humanity,#villalovein,hiring,zone,based
5,posting,rn,top,#december,bothered,invent,mike,#peshawarattack,robcarrphoto,#michaelbeerens,wake,enemies,httptcojwulbpvm,#stuism,#expose,researcherswho,gelalienlover,stellabearrr,virgin,#whatdoiexpect,downtown,layin,liberal
6,jesus,fecker,awesome,nope,balanced,#funchristmas,#eatenalive,died,#blessed,#fuck,httptcougfwtczlvk,httptcobkkezqteul,indoor,bike,telstra,danisnotonfire,reeeaaalll,destinythegame,httptcoxbrmsxaj,#everyonecanfly,security,financial,bum
7,jail,floptimuscrime,nicki,directv,killed,#prey,yea,seeing,httptcoqwikebioe,studied,strict,band,codenamenycea,#hypocrite,points,whoops,law,#yikes,captures,#ortypecast,#delhi
8,faonews,kevdgrussing,difference,philosophize,#idontwanttobuildasnowman,percival,rim,spot,hurting,possible,chips,hadleyfreeman,used,lolly,bibn,soi,#ukvslou,funniest,prove,taylorlaynee,tones,full,#skate,hahahhaha,post,petrolia,theatre,proven,#thuglife,consulting,isthe
9,dweigh,current,floor,asked,sleepshibernates,mixers,mariemacklin,unappreciated,araancheta,expectations,#imout,gazilion,chipped,kejriwal,thelividpatriot,prized,#pakarmy,#lyntoncrosby,portable,#kiddingnotkidding,#lingaa,taxes,cracks,#norespect,howie,#tshirt,kirsch,scowling,infidelity,towed,apothecaries,collecting,english,kept,excusei,cnnreliable,#givemeabrew,modern,realizing,httptcorksidvfkc,libyaliberty,independent,fails,bonds,todd,whatever,lorickson,hmfcthe,banks,#countonmother,breakfast,cat,nunavut,#surprised,fete,societal,anonymous,#taliban,#orisit
10,puerile,clarifying,sat,danielsmile,extra,haha,critic,pool,lecture,worth,dreams,talked,rollsroyce,athletes,camerongray,understanding,boomeresiason,roiiercosta,babes,johnson,driveway,ronpeterson,canada,ae,drifting,mature,belt,spiritually,live,candidates,cancel
11,managing,court,cared,cheat,#tees,imranj,receive,fees,hired,httptcojuzplcnes,statement,#meaningfulcough,todayshow,helpful,table,shell,grey,murder,north
12,celinedion,#bestdayever,#nfldraft,strep,boxes,nicest,shots,biased,#education,#noagenda,miller,sirat,dailymirror,learning,christiancalls,httptcomjcvaiye,documents,thinks,bjpee,intelligence,httptcolbifwepw,#perfection,sensationalise,boston,promises,frightened,moron,felt,httptcorjrlaqhwyd,acting,djb,feminism,font,arzuri,httptconiaoxchp,sex,moment,lylestor,ass,congestednot,#niceone,mps,whaddddddup
13,#saintsfc,httptcobimxhcwhb,annamarierxoxo,advance,telly,woww,#optimism,astec,intimidating,#allcelebritiesarefriends,guard,chanelle,boyfriend,inducing,#iubb,#principalswag,irks
14,fined,kardashianreact,historyreading,answer,postfunerals,hulksmash,infringed,#lies,matthewwrossi,impactwrestling,#ecards,#wherearemyhunters,affairswhich,unimportant,icequeenerika,#beforecoffee,marcottejn,heh,westendproducer,islands,rewarding,#sadhvi,ace,slimdandymufc,john,#family,acid,#xring,#sonyhack,somehow,immediately,socialxclub
15,questions,homeland,#bouncebackannie,backs,elfs,httptcostayheko,#gameofthrones,insomnia,showtimes,husband,childhood,workday,policy,presumably,reigns,meradharm,clue,hello,religions,killerkalen,greens,personality
16,historicalpics,hamper,successfully,iraq,letting,milk,deputymartinski,#knicks,theprojecttv,shaneonair,cent,#finalsweek,islam,drama,awake
17,diving,disney,eve,yurkoa,attractive,broncos,#boldandbeautiful,external,putting,#nohelp,diane,durant,crm,httptcocgojwvltl,#malala,torrentfreak,sites,scum,oversleeping,#servicewithasmile,dive,dental,noah
18,ooooo,ghost,billyf,#funtimes,#naah,motrin,httptcofoqatxhyu,cute,tee,#arrowmidseasonfinale,httptcolfnohjljx,october,pediatric,iphone,sobs,tnt,#cfbplayoff,#backupoff,rewriting,sue,hamackey,#usman,thewarroomtom,maturity,fuckboys,stewart,feministwomens,schoolim,brother,jordanbrown,irwinjb,#apothecary,items,choked,complain,mvp,shower,manage,starting,taliahaletw,solo,buyers,began,prick,misguided,#reallynotreally,erdogan,baggage,interrupt,semi,illuminating,jasonphilcole
19,#wrong,butt,push,burger,becoming,#factaboutabuse,#waronwomen,lasted,released,trace,european,pretend,extenuating,bribrows,#i,bashing,httptcozrilqmgiop,academic,#design,frankferragine,mates,spray,vikramchandra,#jesus,corporation,routine,ziggim,copies,gawd,dramatically,beingakash,#championsleague,protestors,goals,spew,formation,km,msmalcriada,#art,httptcowsuhwfyhuc,teammates,restored,ally,shared,confusing,attributed,gillettestadium,thoughts,childlike,cricket,payer,modi,fckn,salon,lose,#fullmcintosh,respondedmore,httptcooxujkujb,years,powertripkfan,sorts,bakery,standing,nephew,yr,whites,kingdseals,ugh,wanted,longer,matthies,detailed,#vloghttptcohouetifrn
20,charges,awfulannouncing,rights,accidentally,easypay,#attractive,broken,vote,serrd,everett,joehaesche,seemed,american,persuasive,criticism,gay,rd
