Training Set,Number of Words Removed,Percentage of Words Removed
<<<<<<< HEAD
SemEval2018-T3-train-taskA_emoji_3-emoji_frequency_non_ironic_vs_ironic_11.txt,40,0.12230919765165993
SemEval2018-T3-train-taskA_emoji_4-emoji_frequency_ironic_10.txt,13,0.039750489236794806
SemEval2018-T3-train-taskA_emoji_3-emoji_frequency_ironic_vs_non_ironic_(ratio)_15.txt,57,0.17429060665361362
SemEval2018-T3-train-taskA_emoji_1-emoji_frequency_ironic_vs_non_ironic_16.txt,259,0.7919520547945211
SemEval2018-T3-train-taskA_emoji_3-emoji_frequency_ironic_vs_non_ironic_(ratio)_20.txt,62,0.18957925636007644
SemEval2018-T3-train-taskA_emoji_1-emoji_frequency_non_ironic_11.txt,247,0.755259295499016
SemEval2018-T3-train-taskA_emoji_2-emoji_frequency_non_ironic_vs_ironic_(ratio)_1.txt,8,0.024461839530331986
SemEval2018-T3-train-taskA_emoji_1-emoji_frequency_ironic_vs_non_ironic_8.txt,197,0.6023727984344447
SemEval2018-T3-train-taskA_emoji_2-emoji_frequency_ironic_vs_non_ironic_(ratio)_15.txt,100,0.3057729941291569
SemEval2018-T3-train-taskA_emoji_1-emoji_frequency_ironic_vs_non_ironic_3.txt,55,0.16817514677103418
SemEval2018-T3-train-taskA_emoji_4-emoji_frequency_ironic_vs_non_ironic_9.txt,13,0.039750489236794806
SemEval2018-T3-train-taskA_emoji_4-emoji_frequency_non_ironic_vs_ironic_(ratio)_4.txt,8,0.024461839530331986
SemEval2018-T3-train-taskA_emoji_1-emoji_frequency_non_ironic_20.txt,342,1.0457436399217244
SemEval2018-T3-train-taskA_emoji_4-emoji_frequency_ironic_vs_non_ironic_12.txt,15,0.04586594911937425
SemEval2018-T3-train-taskA_emoji_2-emoji_frequency_non_ironic_6.txt,73,0.2232142857142918
SemEval2018-T3-train-taskA_emoji_1-emoji_frequency_non_ironic_vs_ironic_(ratio)_3.txt,35,0.10702054794521132
SemEval2018-T3-train-taskA_emoji_3-emoji_frequency_6.txt,48,0.14677103718199191
SemEval2018-T3-train-taskA_emoji_3-emoji_frequency_5.txt,44,0.13454011741683303
SemEval2018-T3-train-taskA_emoji_4-emoji_frequency_non_ironic_vs_ironic_(ratio)_8.txt,12,0.036692759295505084
SemEval2018-T3-train-taskA_emoji_3-emoji_frequency_non_ironic_vs_ironic_(ratio)_13.txt,33,0.10090508806261766
SemEval2018-T3-train-taskA_emoji_1-emoji_frequency_ironic_vs_non_ironic_(ratio)_6.txt,79,0.24156066536203014
SemEval2018-T3-train-taskA_emoji_3-emoji_frequency_13.txt,62,0.18957925636007644
SemEval2018-T3-train-taskA_emoji_2-emoji_frequency_ironic_8.txt,54,0.16511741682974446
SemEval2018-T3-train-taskA_emoji_4-emoji_frequency_ironic_vs_non_ironic_(ratio)_13.txt,35,0.10702054794521132
SemEval2018-T3-train-taskA_emoji_3-emoji_frequency_non_ironic_vs_ironic_9.txt,38,0.11619373776908049
SemEval2018-T3-train-taskA_emoji_4-emoji_frequency_non_ironic_vs_ironic_(ratio)_20.txt,23,0.07032778864970624
SemEval2018-T3-train-taskA_emoji_4-emoji_frequency_11.txt,37,0.11313600782779076
SemEval2018-T3-train-taskA_emoji_3-emoji_frequency_non_ironic_vs_ironic_13.txt,42,0.12842465753425358
SemEval2018-T3-train-taskA_emoji_4-emoji_frequency_non_ironic_vs_ironic_(ratio)_3.txt,7,0.021404109589042264
SemEval2018-T3-train-taskA_emoji_1-emoji_frequency_non_ironic_15.txt,299,0.9142612524461811
SemEval2018-T3-train-taskA_emoji_3-emoji_frequency_non_ironic_vs_ironic_(ratio)_12.txt,32,0.09784735812132794
SemEval2018-T3-train-taskA_emoji_1-emoji_frequency_ironic_15.txt,283,0.8653375733855171
SemEval2018-T3-train-taskA_emoji_3-emoji_frequency_non_ironic_3.txt,36,0.11007827788650104
SemEval2018-T3-train-taskA_emoji_2-emoji_frequency_non_ironic_12.txt,95,0.2904843444226941
SemEval2018-T3-train-taskA_emoji_4-emoji_frequency_non_ironic_vs_ironic_19.txt,41,0.12536692759294965
SemEval2018-T3-train-taskA_emoji_3-emoji_frequency_non_ironic_vs_ironic_20.txt,49,0.14982876712328164
SemEval2018-T3-train-taskA_emoji_2-emoji_frequency_non_ironic_vs_ironic_(ratio)_2.txt,37,0.11313600782779076
SemEval2018-T3-train-taskA_emoji_1-emoji_frequency_ironic_vs_non_ironic_(ratio)_4.txt,59,0.18040606653620728
SemEval2018-T3-train-taskA_emoji_1-emoji_frequency_non_ironic_18.txt,324,0.9907045009784667
SemEval2018-T3-train-taskA_emoji_2-emoji_frequency_ironic_1.txt,29,0.08867416829745878
SemEval2018-T3-train-taskA_emoji_3-emoji_frequency_ironic_13.txt,33,0.10090508806261766
SemEval2018-T3-train-taskA_emoji_1-emoji_frequency_ironic_vs_non_ironic_(ratio)_10.txt,93,0.28436888454011466
SemEval2018-T3-train-taskA_emoji_4-emoji_frequency_ironic_vs_non_ironic_4.txt,8,0.024461839530331986
SemEval2018-T3-train-taskA_emoji_2-emoji_frequency_non_ironic_vs_ironic_2.txt,27,0.08255870841487933
SemEval2018-T3-train-taskA_emoji_3-emoji_frequency_ironic_vs_non_ironic_(ratio)_14.txt,56,0.1712328767123239
SemEval2018-T3-train-taskA_emoji_1-emoji_frequency_non_ironic_vs_ironic_14.txt,170,0.5198140900195654
SemEval2018-T3-train-taskA_emoji_3-emoji_frequency_ironic_10.txt,30,0.0917318982387485
SemEval2018-T3-train-taskA_emoji_2-emoji_frequency_non_ironic_vs_ironic_15.txt,67,0.20486790606653926
SemEval2018-T3-train-taskA_emoji_3-emoji_frequency_ironic_2.txt,15,0.04586594911937425
SemEval2018-T3-train-taskA_emoji_4-emoji_frequency_non_ironic_vs_ironic_(ratio)_6.txt,10,0.03057729941291143
SemEval2018-T3-train-taskA_emoji_2-emoji_frequency_non_ironic_vs_ironic_12.txt,61,0.18652152641878672
SemEval2018-T3-train-taskA_emoji_3-emoji_frequency_non_ironic_vs_ironic_(ratio)_20.txt,40,0.12230919765165993
SemEval2018-T3-train-taskA_emoji_4-emoji_frequency_ironic_vs_non_ironic_7.txt,11,0.03363502935420115
SemEval2018-T3-train-taskA_emoji_3-emoji_frequency_ironic_6.txt,24,0.07338551859099596
SemEval2018-T3-train-taskA_emoji_2-emoji_frequency_non_ironic_vs_ironic_8.txt,53,0.16205968688845473
SemEval2018-T3-train-taskA_emoji_4-emoji_frequency_ironic_8.txt,12,0.036692759295505084
SemEval2018-T3-train-taskA_emoji_4-emoji_frequency_non_ironic_vs_ironic_(ratio)_7.txt,11,0.03363502935420115
SemEval2018-T3-train-taskA_emoji_4-emoji_frequency_ironic_7.txt,11,0.03363502935420115
SemEval2018-T3-train-taskA_emoji_4-emoji_frequency_ironic_14.txt,17,0.05198140900195369
SemEval2018-T3-train-taskA_emoji_2-emoji_frequency_non_ironic_vs_ironic_16.txt,96,0.29354207436399804
SemEval2018-T3-train-taskA_emoji_4-emoji_frequency_non_ironic_vs_ironic_(ratio)_2.txt,5,0.01528864970646282
SemEval2018-T3-train-taskA_emoji_2-emoji_frequency_ironic_vs_non_ironic_18.txt,40,0.12230919765165993
SemEval2018-T3-train-taskA_emoji_4-emoji_frequency_non_ironic_5.txt,27,0.08255870841487933
SemEval2018-T3-train-taskA_emoji_4-emoji_frequency_non_ironic_vs_ironic_17.txt,39,0.11925146771037021
SemEval2018-T3-train-taskA_emoji_4-emoji_frequency_ironic_vs_non_ironic_(ratio)_5.txt,27,0.08255870841487933
SemEval2018-T3-train-taskA_emoji_3-emoji_frequency_ironic_vs_non_ironic_20.txt,27,0.08255870841487933
SemEval2018-T3-train-taskA_emoji_1-emoji_frequency_ironic_vs_non_ironic_(ratio)_19.txt,194,0.5931996086105613
SemEval2018-T3-train-taskA_emoji_1-emoji_frequency_ironic_vs_non_ironic_(ratio)_12.txt,125,0.3822162426614426
SemEval2018-T3-train-taskA_emoji_4-emoji_frequency_non_ironic_vs_ironic_(ratio)_19.txt,22,0.06727005870841651
SemEval2018-T3-train-taskA_emoji_1-emoji_frequency_non_ironic_vs_ironic_(ratio)_7.txt,74,0.22627201565558153
SemEval2018-T3-train-taskA_emoji_1-emoji_frequency_ironic_vs_non_ironic_(ratio)_14.txt,140,0.42808219178081686
SemEval2018-T3-train-taskA_emoji_4-emoji_frequency_ironic_2.txt,5,0.01528864970646282
SemEval2018-T3-train-taskA_emoji_2-emoji_frequency_non_ironic_vs_ironic_(ratio)_3.txt,41,0.12536692759294965
SemEval2018-T3-train-taskA_emoji_1-emoji_frequency_non_ironic_14.txt,283,0.8653375733855171
SemEval2018-T3-train-taskA_emoji_2-emoji_frequency_non_ironic_18.txt,107,0.3271771037181992
SemEval2018-T3-train-taskA_emoji_4-emoji_frequency_ironic_vs_non_ironic_19.txt,22,0.06727005870841651
SemEval2018-T3-train-taskA_emoji_3-emoji_frequency_ironic_vs_non_ironic_(ratio)_4.txt,40,0.12230919765165993
SemEval2018-T3-train-taskA_emoji_3-emoji_frequency_non_ironic_12.txt,54,0.16511741682974446
SemEval2018-T3-train-taskA_emoji_2-emoji_frequency_ironic_vs_non_ironic_(ratio)_11.txt,82,0.2507338551859135
SemEval2018-T3-train-taskA_emoji_3-emoji_frequency_non_ironic_vs_ironic_17.txt,46,0.14065557729941247
SemEval2018-T3-train-taskA_emoji_2-emoji_frequency_non_ironic_10.txt,89,0.2721379647749558
SemEval2018-T3-train-taskA_emoji_4-emoji_frequency_15.txt,41,0.12536692759294965
SemEval2018-T3-train-taskA_emoji_3-emoji_frequency_non_ironic_9.txt,51,0.1559442270058753
SemEval2018-T3-train-taskA_emoji_1-emoji_frequency_ironic_vs_non_ironic_(ratio)_5.txt,74,0.22627201565558153
SemEval2018-T3-train-taskA_emoji_2-emoji_frequency_ironic_vs_non_ironic_(ratio)_12.txt,88,0.26908023483366605
SemEval2018-T3-train-taskA_emoji_3-emoji_frequency_4.txt,40,0.12230919765165993
SemEval2018-T3-train-taskA_emoji_4-emoji_frequency_non_ironic_vs_ironic_(ratio)_15.txt,18,0.055039138943243415
SemEval2018-T3-train-taskA_emoji_3-emoji_frequency_ironic_11.txt,31,0.09478962818003822
SemEval2018-T3-train-taskA_emoji_1-emoji_frequency_non_ironic_vs_ironic_9.txt,134,0.4097358121330785
SemEval2018-T3-train-taskA_emoji_2-emoji_frequency_20.txt,118,0.36081213307240034
SemEval2018-T3-train-taskA_emoji_3-emoji_frequency_non_ironic_vs_ironic_(ratio)_16.txt,36,0.11007827788650104
SemEval2018-T3-train-taskA_emoji_4-emoji_frequency_ironic_vs_non_ironic_5.txt,9,0.027519569471621708
SemEval2018-T3-train-taskA_emoji_4-emoji_frequency_non_ironic_vs_ironic_12.txt,34,0.10396281800390739
SemEval2018-T3-train-taskA_emoji_3-emoji_frequency_20.txt,69,0.2109833659491187
SemEval2018-T3-train-taskA_emoji_2-emoji_frequency_ironic_vs_non_ironic_(ratio)_2.txt,10,0.03057729941291143
SemEval2018-T3-train-taskA_emoji_2-emoji_frequency_non_ironic_vs_ironic_(ratio)_18.txt,81,0.2476761252446238
SemEval2018-T3-train-taskA_emoji_2-emoji_frequency_ironic_vs_non_ironic_(ratio)_5.txt,18,0.055039138943243415
SemEval2018-T3-train-taskA_emoji_2-emoji_frequency_ironic_4.txt,44,0.13454011741683303
SemEval2018-T3-train-taskA_emoji_3-emoji_frequency_ironic_vs_non_ironic_14.txt,21,0.06421232876712679
SemEval2018-T3-train-taskA_emoji_4-emoji_frequency_4.txt,28,0.08561643835616906
SemEval2018-T3-train-taskA_emoji_2-emoji_frequency_5.txt,71,0.21709882583169815
SemEval2018-T3-train-taskA_emoji_3-emoji_frequency_non_ironic_13.txt,55,0.16817514677103418
SemEval2018-T3-train-taskA_emoji_4-emoji_frequency_ironic_vs_non_ironic_(ratio)_12.txt,34,0.10396281800390739
SemEval2018-T3-train-taskA_emoji_3-emoji_frequency_2.txt,31,0.09478962818003822
SemEval2018-T3-train-taskA_emoji_2-emoji_frequency_6.txt,76,0.23238747553816097
SemEval2018-T3-train-taskA_emoji_2-emoji_frequency_non_ironic_7.txt,76,0.23238747553816097
SemEval2018-T3-train-taskA_emoji_3-emoji_frequency_non_ironic_vs_ironic_(ratio)_1.txt,11,0.03363502935420115
SemEval2018-T3-train-taskA_emoji_4-emoji_frequency_1.txt,19,0.05809686888453314
SemEval2018-T3-train-taskA_emoji_1-emoji_frequency_ironic_6.txt,180,0.550391389432491
SemEval2018-T3-train-taskA_emoji_3-emoji_frequency_non_ironic_16.txt,58,0.17734833659491755
SemEval2018-T3-train-taskA_emoji_2-emoji_frequency_non_ironic_vs_ironic_6.txt,47,0.1437133072407022
SemEval2018-T3-train-taskA_emoji_4-emoji_frequency_ironic_vs_non_ironic_(ratio)_14.txt,36,0.11007827788650104
SemEval2018-T3-train-taskA_emoji_2-emoji_frequency_2.txt,50,0.15288649706458557
SemEval2018-T3-train-taskA_emoji_3-emoji_frequency_non_ironic_vs_ironic_14.txt,43,0.1314823874755433
SemEval2018-T3-train-taskA_emoji_1-emoji_frequency_ironic_vs_non_ironic_(ratio)_8.txt,87,0.2660225048923621
SemEval2018-T3-train-taskA_emoji_1-emoji_frequency_ironic_5.txt,163,0.4984099804305231
SemEval2018-T3-train-taskA_emoji_4-emoji_frequency_non_ironic_vs_ironic_5.txt,27,0.08255870841487933
SemEval2018-T3-train-taskA_emoji_4-emoji_frequency_non_ironic_vs_ironic_15.txt,37,0.11313600782779076
SemEval2018-T3-train-taskA_emoji_2-emoji_frequency_non_ironic_vs_ironic_13.txt,63,0.19263698630136616
SemEval2018-T3-train-taskA_emoji_2-emoji_frequency_non_ironic_vs_ironic_(ratio)_10.txt,61,0.18652152641878672
SemEval2018-T3-train-taskA_emoji_2-emoji_frequency_ironic_15.txt,68,0.20792563600782898
SemEval2018-T3-train-taskA_emoji_3-emoji_frequency_non_ironic_vs_ironic_2.txt,25,0.07644324853228568
SemEval2018-T3-train-taskA_emoji_4-emoji_frequency_19.txt,44,0.13454011741683303
SemEval2018-T3-train-taskA_emoji_2-emoji_frequency_ironic_6.txt,50,0.15288649706458557
SemEval2018-T3-train-taskA_emoji_3-emoji_frequency_ironic_vs_non_ironic_1.txt,4,0.012230919765173098
SemEval2018-T3-train-taskA_emoji_3-emoji_frequency_non_ironic_4.txt,40,0.12230919765165993
SemEval2018-T3-train-taskA_emoji_4-emoji_frequency_16.txt,42,0.12842465753425358
SemEval2018-T3-train-taskA_emoji_1-emoji_frequency_ironic_12.txt,257,0.7858365949119417
SemEval2018-T3-train-taskA_emoji_2-emoji_frequency_non_ironic_vs_ironic_(ratio)_12.txt,69,0.2109833659491187
SemEval2018-T3-train-taskA_emoji_1-emoji_frequency_non_ironic_vs_ironic_18.txt,200,0.6115459882583139
SemEval2018-T3-train-taskA_emoji_4-emoji_frequency_non_ironic_18.txt,40,0.12230919765165993
SemEval2018-T3-train-taskA_emoji_1-emoji_frequency_ironic_vs_non_ironic_(ratio)_9.txt,90,0.2751956947162455
SemEval2018-T3-train-taskA_emoji_1-emoji_frequency_9.txt,246,0.7522015655577263
SemEval2018-T3-train-taskA_emoji_2-emoji_frequency_non_ironic_vs_ironic_3.txt,35,0.10702054794521132
SemEval2018-T3-train-taskA_emoji_2-emoji_frequency_non_ironic_17.txt,105,0.32106164383561975
SemEval2018-T3-train-taskA_emoji_3-emoji_frequency_ironic_vs_non_ironic_(ratio)_11.txt,53,0.16205968688845473
SemEval2018-T3-train-taskA_emoji_3-emoji_frequency_ironic_vs_non_ironic_5.txt,11,0.03363502935420115
SemEval2018-T3-train-taskA_emoji_4-emoji_frequency_ironic_11.txt,14,0.04280821917808453
SemEval2018-T3-train-taskA_emoji_1-emoji_frequency_ironic_vs_non_ironic_(ratio)_15.txt,147,0.4494863013698591
SemEval2018-T3-train-taskA_emoji_4-emoji_frequency_non_ironic_vs_ironic_(ratio)_17.txt,20,0.06115459882583707
SemEval2018-T3-train-taskA_emoji_4-emoji_frequency_ironic_vs_non_ironic_(ratio)_11.txt,33,0.10090508806261766
SemEval2018-T3-train-taskA_emoji_4-emoji_frequency_10.txt,36,0.11007827788650104
SemEval2018-T3-train-taskA_emoji_1-emoji_frequency_non_ironic_vs_ironic_(ratio)_20.txt,184,0.5626223091976499
SemEval2018-T3-train-taskA_emoji_4-emoji_frequency_ironic_vs_non_ironic_(ratio)_10.txt,32,0.09784735812132794
SemEval2018-T3-train-taskA_emoji_2-emoji_frequency_18.txt,114,0.34858121330724146
SemEval2018-T3-train-taskA_emoji_1-emoji_frequency_non_ironic_vs_ironic_(ratio)_12.txt,119,0.3638698630137043
SemEval2018-T3-train-taskA_emoji_2-emoji_frequency_ironic_vs_non_ironic_14.txt,36,0.11007827788650104
SemEval2018-T3-train-taskA_emoji_3-emoji_frequency_ironic_vs_non_ironic_10.txt,17,0.05198140900195369
SemEval2018-T3-train-taskA_emoji_3-emoji_frequency_ironic_9.txt,29,0.08867416829745878
SemEval2018-T3-train-taskA_emoji_2-emoji_frequency_ironic_vs_non_ironic_6.txt,18,0.055039138943243415
SemEval2018-T3-train-taskA_emoji_2-emoji_frequency_ironic_vs_non_ironic_(ratio)_8.txt,24,0.07338551859099596
SemEval2018-T3-train-taskA_emoji_4-emoji_frequency_non_ironic_19.txt,41,0.12536692759294965
SemEval2018-T3-train-taskA_emoji_1-emoji_frequency_ironic_vs_non_ironic_(ratio)_18.txt,188,0.574853228962823
SemEval2018-T3-train-taskA_emoji_2-emoji_frequency_non_ironic_vs_ironic_9.txt,55,0.16817514677103418
SemEval2018-T3-train-taskA_emoji_1-emoji_frequency_ironic_vs_non_ironic_(ratio)_3.txt,48,0.14677103718199191
SemEval2018-T3-train-taskA_emoji_1-emoji_frequency_non_ironic_13.txt,273,0.8347602739726057
SemEval2018-T3-train-taskA_emoji_3-emoji_frequency_non_ironic_19.txt,61,0.18652152641878672
SemEval2018-T3-train-taskA_emoji_4-emoji_frequency_ironic_19.txt,22,0.06727005870841651
SemEval2018-T3-train-taskA_emoji_3-emoji_frequency_non_ironic_1.txt,20,0.06115459882583707
SemEval2018-T3-train-taskA_emoji_1-emoji_frequency_ironic_vs_non_ironic_20.txt,285,0.8714530332680965
SemEval2018-T3-train-taskA_emoji_1-emoji_frequency_ironic_vs_non_ironic_11.txt,235,0.7185665362035252
SemEval2018-T3-train-taskA_emoji_3-emoji_frequency_non_ironic_vs_ironic_(ratio)_15.txt,35,0.10702054794521132
SemEval2018-T3-train-taskA_emoji_2-emoji_frequency_9.txt,89,0.2721379647749558
SemEval2018-T3-train-taskA_emoji_3-emoji_frequency_ironic_vs_non_ironic_(ratio)_19.txt,61,0.18652152641878672
SemEval2018-T3-train-taskA_emoji_1-emoji_frequency_non_ironic_4.txt,149,0.4556017612524528
SemEval2018-T3-train-taskA_emoji_3-emoji_frequency_ironic_vs_non_ironic_(ratio)_18.txt,60,0.183463796477497
SemEval2018-T3-train-taskA_emoji_4-emoji_frequency_ironic_vs_non_ironic_(ratio)_16.txt,38,0.11619373776908049
SemEval2018-T3-train-taskA_emoji_4-emoji_frequency_ironic_vs_non_ironic_17.txt,20,0.06115459882583707
SemEval2018-T3-train-taskA_emoji_4-emoji_frequency_ironic_18.txt,21,0.06421232876712679
SemEval2018-T3-train-taskA_emoji_4-emoji_frequency_non_ironic_vs_ironic_16.txt,38,0.11619373776908049
SemEval2018-T3-train-taskA_emoji_2-emoji_frequency_non_ironic_vs_ironic_(ratio)_7.txt,49,0.14982876712328164
SemEval2018-T3-train-taskA_emoji_4-emoji_frequency_ironic_vs_non_ironic_(ratio)_6.txt,28,0.08561643835616906
SemEval2018-T3-train-taskA_emoji_3-emoji_frequency_non_ironic_18.txt,60,0.183463796477497
SemEval2018-T3-train-taskA_emoji_3-emoji_frequency_10.txt,57,0.17429060665361362
SemEval2018-T3-train-taskA_emoji_4-emoji_frequency_ironic_vs_non_ironic_8.txt,12,0.036692759295505084
SemEval2018-T3-train-taskA_emoji_1-emoji_frequency_ironic_vs_non_ironic_1.txt,29,0.08867416829745878
SemEval2018-T3-train-taskA_emoji_1-emoji_frequency_ironic_2.txt,120,0.366927592954994
SemEval2018-T3-train-taskA_emoji_4-emoji_frequency_non_ironic_vs_ironic_13.txt,35,0.10702054794521132
SemEval2018-T3-train-taskA_emoji_2-emoji_frequency_ironic_vs_non_ironic_10.txt,23,0.07032778864970624
SemEval2018-T3-train-taskA_emoji_3-emoji_frequency_11.txt,58,0.17734833659491755
SemEval2018-T3-train-taskA_emoji_1-emoji_frequency_19.txt,378,1.1558219178082254
SemEval2018-T3-train-taskA_emoji_3-emoji_frequency_14.txt,63,0.19263698630136616
SemEval2018-T3-train-taskA_emoji_3-emoji_frequency_non_ironic_vs_ironic_15.txt,44,0.13454011741683303
SemEval2018-T3-train-taskA_emoji_1-emoji_frequency_non_ironic_vs_ironic_(ratio)_19.txt,180,0.550391389432491
SemEval2018-T3-train-taskA_emoji_1-emoji_frequency_17.txt,356,1.088551859099809
SemEval2018-T3-train-taskA_emoji_1-emoji_frequency_ironic_11.txt,247,0.755259295499016
SemEval2018-T3-train-taskA_emoji_4-emoji_frequency_3.txt,25,0.07644324853228568
SemEval2018-T3-train-taskA_emoji_1-emoji_frequency_non_ironic_vs_ironic_4.txt,68,0.20792563600782898
SemEval2018-T3-train-taskA_emoji_2-emoji_frequency_non_ironic_vs_ironic_11.txt,59,0.18040606653620728
SemEval2018-T3-train-taskA_emoji_1-emoji_frequency_4.txt,160,0.4892367906066539
SemEval2018-T3-train-taskA_emoji_1-emoji_frequency_non_ironic_vs_ironic_(ratio)_14.txt,151,0.4617172211350322
SemEval2018-T3-train-taskA_emoji_2-emoji_frequency_ironic_vs_non_ironic_(ratio)_9.txt,53,0.16205968688845473
SemEval2018-T3-train-taskA_emoji_4-emoji_frequency_ironic_vs_non_ironic_(ratio)_1.txt,19,0.05809686888453314
SemEval2018-T3-train-taskA_emoji_1-emoji_frequency_10.txt,262,0.8011252446183903
SemEval2018-T3-train-taskA_emoji_2-emoji_frequency_17.txt,112,0.342465753424662
SemEval2018-T3-train-taskA_emoji_3-emoji_frequency_non_ironic_vs_ironic_(ratio)_8.txt,28,0.08561643835616906
SemEval2018-T3-train-taskA_emoji_3-emoji_frequency_non_ironic_vs_ironic_(ratio)_14.txt,34,0.10396281800390739
SemEval2018-T3-train-taskA_emoji_2-emoji_frequency_non_ironic_20.txt,109,0.33329256360077864
SemEval2018-T3-train-taskA_emoji_2-emoji_frequency_ironic_vs_non_ironic_(ratio)_14.txt,97,0.29659980430528776
SemEval2018-T3-train-taskA_emoji_1-emoji_frequency_ironic_20.txt,330,1.0090508806262193
SemEval2018-T3-train-taskA_emoji_4-emoji_frequency_non_ironic_12.txt,34,0.10396281800390739
SemEval2018-T3-train-taskA_emoji_1-emoji_frequency_non_ironic_vs_ironic_(ratio)_10.txt,100,0.3057729941291569
SemEval2018-T3-train-taskA_emoji_1-emoji_frequency_non_ironic_12.txt,256,0.782778864970652
SemEval2018-T3-train-taskA_emoji_2-emoji_frequency_14.txt,104,0.31800391389433
SemEval2018-T3-train-taskA_emoji_4-emoji_frequency_non_ironic_10.txt,32,0.09784735812132794
SemEval2018-T3-train-taskA_emoji_2-emoji_frequency_ironic_vs_non_ironic_(ratio)_6.txt,20,0.06115459882583707
SemEval2018-T3-train-taskA_emoji_2-emoji_frequency_non_ironic_vs_ironic_4.txt,40,0.12230919765165993
SemEval2018-T3-train-taskA_emoji_3-emoji_frequency_non_ironic_vs_ironic_16.txt,45,0.13759784735812275
SemEval2018-T3-train-taskA_emoji_2-emoji_frequency_non_ironic_vs_ironic_10.txt,57,0.17429060665361362
SemEval2018-T3-train-taskA_emoji_3-emoji_frequency_ironic_20.txt,40,0.12230919765165993
SemEval2018-T3-train-taskA_emoji_4-emoji_frequency_non_ironic_vs_ironic_14.txt,36,0.11007827788650104
SemEval2018-T3-train-taskA_emoji_1-emoji_frequency_non_ironic_vs_ironic_20.txt,211,0.6451810176125292
SemEval2018-T3-train-taskA_emoji_4-emoji_frequency_14.txt,40,0.12230919765165993
SemEval2018-T3-train-taskA_emoji_3-emoji_frequency_8.txt,53,0.16205968688845473
SemEval2018-T3-train-taskA_emoji_1-emoji_frequency_ironic_vs_non_ironic_2.txt,44,0.13454011741683303
SemEval2018-T3-train-taskA_emoji_1-emoji_frequency_non_ironic_2.txt,113,0.34552348336595173
SemEval2018-T3-train-taskA_emoji_3-emoji_frequency_ironic_vs_non_ironic_(ratio)_8.txt,50,0.15288649706458557
SemEval2018-T3-train-taskA_emoji_4-emoji_frequency_6.txt,32,0.09784735812132794
SemEval2018-T3-train-taskA_emoji_2-emoji_frequency_non_ironic_9.txt,86,0.2629647749510724
SemEval2018-T3-train-taskA_emoji_4-emoji_frequency_non_ironic_8.txt,30,0.0917318982387485
SemEval2018-T3-train-taskA_emoji_1-emoji_frequency_non_ironic_vs_ironic_(ratio)_6.txt,57,0.17429060665361362
SemEval2018-T3-train-taskA_emoji_2-emoji_frequency_8.txt,85,0.2599070450097827
SemEval2018-T3-train-taskA_emoji_2-emoji_frequency_non_ironic_vs_ironic_5.txt,44,0.13454011741683303
SemEval2018-T3-train-taskA_emoji_3-emoji_frequency_ironic_19.txt,39,0.11925146771037021
SemEval2018-T3-train-taskA_emoji_1-emoji_frequency_1.txt,91,0.2782534246575352
SemEval2018-T3-train-taskA_emoji_2-emoji_frequency_13.txt,101,0.30883072407044665
SemEval2018-T3-train-taskA_emoji_3-emoji_frequency_ironic_vs_non_ironic_13.txt,20,0.06115459882583707
SemEval2018-T3-train-taskA_emoji_3-emoji_frequency_ironic_14.txt,34,0.10396281800390739
SemEval2018-T3-train-taskA_emoji_2-emoji_frequency_non_ironic_4.txt,64,0.1956947162426559
SemEval2018-T3-train-taskA_emoji_1-emoji_frequency_ironic_vs_non_ironic_14.txt,253,0.7736056751467686
SemEval2018-T3-train-taskA_emoji_2-emoji_frequency_ironic_16.txt,69,0.2109833659491187
SemEval2018-T3-train-taskA_emoji_1-emoji_frequency_ironic_vs_non_ironic_(ratio)_2.txt,40,0.12230919765165993
SemEval2018-T3-train-taskA_emoji_1-emoji_frequency_non_ironic_vs_ironic_17.txt,194,0.5931996086105613
SemEval2018-T3-train-taskA_emoji_2-emoji_frequency_ironic_2.txt,34,0.10396281800390739
SemEval2018-T3-train-taskA_emoji_2-emoji_frequency_12.txt,98,0.2996575342465775
SemEval2018-T3-train-taskA_emoji_2-emoji_frequency_non_ironic_vs_ironic_18.txt,98,0.2996575342465775
SemEval2018-T3-train-taskA_emoji_1-emoji_frequency_non_ironic_vs_ironic_(ratio)_4.txt,43,0.1314823874755433
SemEval2018-T3-train-taskA_emoji_3-emoji_frequency_ironic_4.txt,21,0.06421232876712679
SemEval2018-T3-train-taskA_emoji_1-emoji_frequency_13.txt,306,0.9356653620352233
SemEval2018-T3-train-taskA_emoji_3-emoji_frequency_ironic_15.txt,35,0.10702054794521132
SemEval2018-T3-train-taskA_emoji_2-emoji_frequency_non_ironic_vs_ironic_7.txt,50,0.15288649706458557
SemEval2018-T3-train-taskA_emoji_4-emoji_frequency_ironic_vs_non_ironic_(ratio)_17.txt,39,0.11925146771037021
SemEval2018-T3-train-taskA_emoji_2-emoji_frequency_non_ironic_8.txt,79,0.24156066536203014
SemEval2018-T3-train-taskA_emoji_3-emoji_frequency_non_ironic_vs_ironic_4.txt,32,0.09784735812132794
SemEval2018-T3-train-taskA_emoji_4-emoji_frequency_ironic_vs_non_ironic_15.txt,18,0.055039138943243415
SemEval2018-T3-train-taskA_emoji_3-emoji_frequency_ironic_3.txt,19,0.05809686888453314
SemEval2018-T3-train-taskA_emoji_2-emoji_frequency_non_ironic_2.txt,50,0.15288649706458557
SemEval2018-T3-train-taskA_emoji_3-emoji_frequency_3.txt,36,0.11007827788650104
SemEval2018-T3-train-taskA_emoji_3-emoji_frequency_non_ironic_17.txt,59,0.18040606653620728
SemEval2018-T3-train-taskA_emoji_4-emoji_frequency_non_ironic_20.txt,42,0.12842465753425358
SemEval2018-T3-train-taskA_emoji_4-emoji_frequency_non_ironic_vs_ironic_9.txt,31,0.09478962818003822
SemEval2018-T3-train-taskA_emoji_2-emoji_frequency_ironic_vs_non_ironic_(ratio)_10.txt,61,0.18652152641878672
SemEval2018-T3-train-taskA_emoji_4-emoji_frequency_non_ironic_vs_ironic_10.txt,32,0.09784735812132794
SemEval2018-T3-train-taskA_emoji_2-emoji_frequency_ironic_vs_non_ironic_1.txt,5,0.01528864970646282
SemEval2018-T3-train-taskA_emoji_4-emoji_frequency_non_ironic_11.txt,33,0.10090508806261766
SemEval2018-T3-train-taskA_emoji_1-emoji_frequency_ironic_10.txt,239,0.7307974559686841
SemEval2018-T3-train-taskA_emoji_3-emoji_frequency_1.txt,20,0.06115459882583707
SemEval2018-T3-train-taskA_emoji_3-emoji_frequency_ironic_12.txt,32,0.09784735812132794
SemEval2018-T3-train-taskA_emoji_3-emoji_frequency_ironic_vs_non_ironic_9.txt,16,0.04892367906066397
SemEval2018-T3-train-taskA_emoji_3-emoji_frequency_ironic_vs_non_ironic_(ratio)_2.txt,15,0.04586594911937425
SemEval2018-T3-train-taskA_emoji_4-emoji_frequency_non_ironic_13.txt,35,0.10702054794521132
SemEval2018-T3-train-taskA_emoji_2-emoji_frequency_ironic_12.txt,61,0.18652152641878672
SemEval2018-T3-train-taskA_emoji_4-emoji_frequency_non_ironic_vs_ironic_8.txt,30,0.0917318982387485
SemEval2018-T3-train-taskA_emoji_3-emoji_frequency_non_ironic_vs_ironic_3.txt,29,0.08867416829745878
SemEval2018-T3-train-taskA_emoji_1-emoji_frequency_20.txt,388,1.1863992172211368
SemEval2018-T3-train-taskA_emoji_2-emoji_frequency_non_ironic_vs_ironic_19.txt,99,0.3027152641878672
SemEval2018-T3-train-taskA_emoji_2-emoji_frequency_10.txt,92,0.28131115459882494
SemEval2018-T3-train-taskA_emoji_2-emoji_frequency_non_ironic_vs_ironic_(ratio)_17.txt,79,0.24156066536203014
SemEval2018-T3-train-taskA_emoji_2-emoji_frequency_ironic_7.txt,52,0.159001956947165
SemEval2018-T3-train-taskA_emoji_4-emoji_frequency_non_ironic_14.txt,36,0.11007827788650104
SemEval2018-T3-train-taskA_emoji_3-emoji_frequency_ironic_vs_non_ironic_18.txt,25,0.07644324853228568
SemEval2018-T3-train-taskA_emoji_3-emoji_frequency_ironic_18.txt,38,0.11619373776908049
SemEval2018-T3-train-taskA_emoji_2-emoji_frequency_non_ironic_vs_ironic_1.txt,21,0.06421232876712679
SemEval2018-T3-train-taskA_emoji_3-emoji_frequency_12.txt,60,0.183463796477497
SemEval2018-T3-train-taskA_emoji_4-emoji_frequency_non_ironic_vs_ironic_(ratio)_12.txt,15,0.04586594911937425
SemEval2018-T3-train-taskA_emoji_1-emoji_frequency_non_ironic_6.txt,180,0.550391389432491
SemEval2018-T3-train-taskA_emoji_4-emoji_frequency_ironic_vs_non_ironic_1.txt,3,0.009173189823869166
SemEval2018-T3-train-taskA_emoji_1-emoji_frequency_ironic_4.txt,152,0.46477495107632194
SemEval2018-T3-train-taskA_emoji_1-emoji_frequency_18.txt,367,1.12218688845401
SemEval2018-T3-train-taskA_emoji_2-emoji_frequency_non_ironic_vs_ironic_(ratio)_19.txt,82,0.2507338551859135
SemEval2018-T3-train-taskA_emoji_4-emoji_frequency_ironic_vs_non_ironic_18.txt,21,0.06421232876712679
SemEval2018-T3-train-taskA_emoji_1-emoji_frequency_non_ironic_10.txt,230,0.7032778864970624
SemEval2018-T3-train-taskA_emoji_1-emoji_frequency_non_ironic_vs_ironic_11.txt,146,0.4464285714285694
SemEval2018-T3-train-taskA_emoji_1-emoji_frequency_ironic_8.txt,206,0.6298923679060664
SemEval2018-T3-train-taskA_emoji_1-emoji_frequency_non_ironic_3.txt,131,0.40056262230919515
SemEval2018-T3-train-taskA_emoji_2-emoji_frequency_15.txt,107,0.3271771037181992
SemEval2018-T3-train-taskA_emoji_1-emoji_frequency_non_ironic_vs_ironic_19.txt,208,0.6360078277886458
SemEval2018-T3-train-taskA_emoji_3-emoji_frequency_non_ironic_vs_ironic_8.txt,37,0.11313600782779076
SemEval2018-T3-train-taskA_emoji_3-emoji_frequency_16.txt,65,0.19875244618395982
SemEval2018-T3-train-taskA_emoji_3-emoji_frequency_ironic_vs_non_ironic_(ratio)_10.txt,52,0.159001956947165
SemEval2018-T3-train-taskA_emoji_3-emoji_frequency_non_ironic_5.txt,43,0.1314823874755433
SemEval2018-T3-train-taskA_emoji_3-emoji_frequency_non_ironic_11.txt,53,0.16205968688845473
SemEval2018-T3-train-taskA_emoji_1-emoji_frequency_ironic_vs_non_ironic_17.txt,275,0.8408757338551851
SemEval2018-T3-train-taskA_emoji_2-emoji_frequency_7.txt,81,0.2476761252446238
SemEval2018-T3-train-taskA_emoji_3-emoji_frequency_ironic_vs_non_ironic_19.txt,26,0.0795009784735754
SemEval2018-T3-train-taskA_emoji_4-emoji_frequency_ironic_15.txt,18,0.055039138943243415
SemEval2018-T3-train-taskA_emoji_1-emoji_frequency_non_ironic_8.txt,205,0.6268346379647767
SemEval2018-T3-train-taskA_emoji_1-emoji_frequency_ironic_16.txt,290,0.8867416829745594
SemEval2018-T3-train-taskA_emoji_3-emoji_frequency_non_ironic_vs_ironic_(ratio)_9.txt,29,0.08867416829745878
SemEval2018-T3-train-taskA_emoji_3-emoji_frequency_15.txt,64,0.1956947162426559
SemEval2018-T3-train-taskA_emoji_2-emoji_frequency_ironic_vs_non_ironic_5.txt,16,0.04892367906066397
SemEval2018-T3-train-taskA_emoji_3-emoji_frequency_ironic_vs_non_ironic_2.txt,6,0.018346379647752542
SemEval2018-T3-train-taskA_emoji_4-emoji_frequency_8.txt,34,0.10396281800390739
SemEval2018-T3-train-taskA_emoji_4-emoji_frequency_non_ironic_vs_ironic_(ratio)_1.txt,3,0.009173189823869166
SemEval2018-T3-train-taskA_emoji_4-emoji_frequency_ironic_4.txt,8,0.024461839530331986
SemEval2018-T3-train-taskA_emoji_4-emoji_frequency_20.txt,45,0.13759784735812275
SemEval2018-T3-train-taskA_emoji_3-emoji_frequency_ironic_1.txt,11,0.03363502935420115
SemEval2018-T3-train-taskA_emoji_2-emoji_frequency_non_ironic_vs_ironic_14.txt,65,0.19875244618395982
SemEval2018-T3-train-taskA_emoji_2-emoji_frequency_non_ironic_19.txt,108,0.3302348336594889
SemEval2018-T3-train-taskA_emoji_4-emoji_frequency_non_ironic_vs_ironic_7.txt,29,0.08867416829745878
SemEval2018-T3-train-taskA_emoji_2-emoji_frequency_non_ironic_vs_ironic_(ratio)_16.txt,79,0.24156066536203014
SemEval2018-T3-train-taskA_emoji_1-emoji_frequency_non_ironic_17.txt,316,0.9662426614481348
SemEval2018-T3-train-taskA_emoji_3-emoji_frequency_non_ironic_vs_ironic_(ratio)_2.txt,15,0.04586594911937425
SemEval2018-T3-train-taskA_emoji_2-emoji_frequency_ironic_vs_non_ironic_(ratio)_13.txt,93,0.28436888454011466
SemEval2018-T3-train-taskA_emoji_4-emoji_frequency_ironic_vs_non_ironic_(ratio)_15.txt,37,0.11313600782779076
SemEval2018-T3-train-taskA_emoji_4-emoji_frequency_ironic_vs_non_ironic_(ratio)_19.txt,41,0.12536692759294965
SemEval2018-T3-train-taskA_emoji_2-emoji_frequency_ironic_18.txt,71,0.21709882583169815
SemEval2018-T3-train-taskA_emoji_1-emoji_frequency_non_ironic_vs_ironic_7.txt,114,0.34858121330724146
SemEval2018-T3-train-taskA_emoji_4-emoji_frequency_ironic_vs_non_ironic_(ratio)_20.txt,42,0.12842465753425358
SemEval2018-T3-train-taskA_emoji_3-emoji_frequency_non_ironic_15.txt,57,0.17429060665361362
SemEval2018-T3-train-taskA_emoji_1-emoji_frequency_non_ironic_vs_ironic_15.txt,180,0.550391389432491
SemEval2018-T3-train-taskA_emoji_3-emoji_frequency_ironic_vs_non_ironic_16.txt,23,0.07032778864970624
SemEval2018-T3-train-taskA_emoji_1-emoji_frequency_ironic_3.txt,135,0.41279354207436825
SemEval2018-T3-train-taskA_emoji_1-emoji_frequency_ironic_vs_non_ironic_(ratio)_11.txt,110,0.33635029354206836
SemEval2018-T3-train-taskA_emoji_3-emoji_frequency_ironic_vs_non_ironic_(ratio)_9.txt,51,0.1559442270058753
SemEval2018-T3-train-taskA_emoji_2-emoji_frequency_ironic_vs_non_ironic_8.txt,20,0.06115459882583707
SemEval2018-T3-train-taskA_emoji_2-emoji_frequency_ironic_vs_non_ironic_(ratio)_18.txt,108,0.3302348336594889
SemEval2018-T3-train-taskA_emoji_1-emoji_frequency_non_ironic_vs_ironic_(ratio)_17.txt,172,0.525929549902159
SemEval2018-T3-train-taskA_emoji_4-emoji_frequency_ironic_12.txt,15,0.04586594911937425
SemEval2018-T3-train-taskA_emoji_4-emoji_frequency_12.txt,38,0.11619373776908049
SemEval2018-T3-train-taskA_emoji_4-emoji_frequency_non_ironic_vs_ironic_1.txt,19,0.05809686888453314
SemEval2018-T3-train-taskA_emoji_3-emoji_frequency_ironic_vs_non_ironic_15.txt,22,0.06727005870841651
SemEval2018-T3-train-taskA_emoji_1-emoji_frequency_7.txt,212,0.6482387475538189
SemEval2018-T3-train-taskA_emoji_4-emoji_frequency_ironic_vs_non_ironic_(ratio)_7.txt,29,0.08867416829745878
SemEval2018-T3-train-taskA_emoji_3-emoji_frequency_non_ironic_vs_ironic_19.txt,48,0.14677103718199191
SemEval2018-T3-train-taskA_emoji_2-emoji_frequency_ironic_14.txt,65,0.19875244618395982
SemEval2018-T3-train-taskA_emoji_3-emoji_frequency_non_ironic_vs_ironic_6.txt,35,0.10702054794521132
SemEval2018-T3-train-taskA_emoji_1-emoji_frequency_ironic_vs_non_ironic_13.txt,250,0.7644324853228994
SemEval2018-T3-train-taskA_emoji_1-emoji_frequency_ironic_vs_non_ironic_7.txt,182,0.5565068493150704
SemEval2018-T3-train-taskA_emoji_2-emoji_frequency_non_ironic_vs_ironic_(ratio)_20.txt,84,0.25684931506849296
SemEval2018-T3-train-taskA_emoji_1-emoji_frequency_ironic_vs_non_ironic_19.txt,283,0.8653375733855171
SemEval2018-T3-train-taskA_emoji_1-emoji_frequency_non_ironic_vs_ironic_(ratio)_15.txt,160,0.4892367906066539
SemEval2018-T3-train-taskA_emoji_4-emoji_frequency_non_ironic_vs_ironic_(ratio)_14.txt,17,0.05198140900195369
SemEval2018-T3-train-taskA_emoji_1-emoji_frequency_non_ironic_vs_ironic_13.txt,162,0.49535225048923337
SemEval2018-T3-train-taskA_emoji_2-emoji_frequency_ironic_13.txt,63,0.19263698630136616
SemEval2018-T3-train-taskA_emoji_4-emoji_frequency_non_ironic_vs_ironic_(ratio)_9.txt,13,0.039750489236794806
SemEval2018-T3-train-taskA_emoji_3-emoji_frequency_9.txt,55,0.16817514677103418
SemEval2018-T3-train-taskA_emoji_1-emoji_frequency_ironic_9.txt,223,0.6818737769080201
SemEval2018-T3-train-taskA_emoji_1-emoji_frequency_15.txt,334,1.0212818003913924
SemEval2018-T3-train-taskA_emoji_3-emoji_frequency_ironic_vs_non_ironic_17.txt,24,0.07338551859099596
SemEval2018-T3-train-taskA_emoji_2-emoji_frequency_ironic_vs_non_ironic_(ratio)_16.txt,103,0.3149461839530403
SemEval2018-T3-train-taskA_emoji_2-emoji_frequency_ironic_vs_non_ironic_2.txt,8,0.024461839530331986
SemEval2018-T3-train-taskA_emoji_3-emoji_frequency_ironic_vs_non_ironic_(ratio)_6.txt,47,0.1437133072407022
SemEval2018-T3-train-taskA_emoji_3-emoji_frequency_non_ironic_6.txt,45,0.13759784735812275
SemEval2018-T3-train-taskA_emoji_2-emoji_frequency_non_ironic_vs_ironic_20.txt,100,0.3057729941291569
SemEval2018-T3-train-taskA_emoji_3-emoji_frequency_7.txt,51,0.1559442270058753
SemEval2018-T3-train-taskA_emoji_3-emoji_frequency_non_ironic_vs_ironic_(ratio)_17.txt,37,0.11313600782779076
SemEval2018-T3-train-taskA_emoji_4-emoji_frequency_non_ironic_7.txt,29,0.08867416829745878
SemEval2018-T3-train-taskA_emoji_3-emoji_frequency_non_ironic_8.txt,50,0.15288649706458557
SemEval2018-T3-train-taskA_emoji_3-emoji_frequency_non_ironic_vs_ironic_(ratio)_6.txt,24,0.07338551859099596
SemEval2018-T3-train-taskA_emoji_2-emoji_frequency_ironic_vs_non_ironic_(ratio)_17.txt,106,0.32411937377690947
SemEval2018-T3-train-taskA_emoji_1-emoji_frequency_ironic_vs_non_ironic_6.txt,174,0.5320450097847385
SemEval2018-T3-train-taskA_emoji_1-emoji_frequency_ironic_vs_non_ironic_15.txt,256,0.782778864970652
SemEval2018-T3-train-taskA_emoji_1-emoji_frequency_non_ironic_vs_ironic_6.txt,100,0.3057729941291569
SemEval2018-T3-train-taskA_emoji_3-emoji_frequency_ironic_16.txt,36,0.11007827788650104
SemEval2018-T3-train-taskA_emoji_3-emoji_frequency_non_ironic_7.txt,49,0.14982876712328164
SemEval2018-T3-train-taskA_emoji_4-emoji_frequency_non_ironic_vs_ironic_(ratio)_11.txt,14,0.04280821917808453
SemEval2018-T3-train-taskA_emoji_3-emoji_frequency_ironic_vs_non_ironic_(ratio)_16.txt,58,0.17734833659491755
SemEval2018-T3-train-taskA_emoji_1-emoji_frequency_non_ironic_vs_ironic_3.txt,51,0.1559442270058753
SemEval2018-T3-train-taskA_emoji_2-emoji_frequency_ironic_vs_non_ironic_9.txt,21,0.06421232876712679
SemEval2018-T3-train-taskA_emoji_3-emoji_frequency_ironic_vs_non_ironic_(ratio)_12.txt,54,0.16511741682974446
SemEval2018-T3-train-taskA_emoji_1-emoji_frequency_non_ironic_vs_ironic_2.txt,40,0.12230919765165993
SemEval2018-T3-train-taskA_emoji_1-emoji_frequency_11.txt,277,0.8469911937377645
SemEval2018-T3-train-taskA_emoji_1-emoji_frequency_8.txt,229,0.7002201565557726
SemEval2018-T3-train-taskA_emoji_1-emoji_frequency_ironic_vs_non_ironic_(ratio)_13.txt,135,0.41279354207436825
SemEval2018-T3-train-taskA_emoji_2-emoji_frequency_non_ironic_vs_ironic_17.txt,97,0.29659980430528776
SemEval2018-T3-train-taskA_emoji_2-emoji_frequency_3.txt,58,0.17734833659491755
SemEval2018-T3-train-taskA_emoji_2-emoji_frequency_non_ironic_vs_ironic_(ratio)_9.txt,58,0.17734833659491755
SemEval2018-T3-train-taskA_emoji_4-emoji_frequency_ironic_vs_non_ironic_10.txt,13,0.039750489236794806
SemEval2018-T3-train-taskA_emoji_2-emoji_frequency_ironic_vs_non_ironic_7.txt,18,0.055039138943243415
SemEval2018-T3-train-taskA_emoji_1-emoji_frequency_16.txt,345,1.0549168297455935
SemEval2018-T3-train-taskA_emoji_1-emoji_frequency_ironic_vs_non_ironic_(ratio)_16.txt,154,0.4708904109589014
SemEval2018-T3-train-taskA_emoji_4-emoji_frequency_ironic_vs_non_ironic_14.txt,17,0.05198140900195369
SemEval2018-T3-train-taskA_emoji_1-emoji_frequency_ironic_14.txt,278,0.8500489236790543
SemEval2018-T3-train-taskA_emoji_2-emoji_frequency_ironic_vs_non_ironic_12.txt,32,0.09784735812132794
SemEval2018-T3-train-taskA_emoji_1-emoji_frequency_ironic_7.txt,191,0.5840264187866921
SemEval2018-T3-train-taskA_emoji_3-emoji_frequency_non_ironic_vs_ironic_1.txt,20,0.06115459882583707
SemEval2018-T3-train-taskA_emoji_2-emoji_frequency_11.txt,95,0.2904843444226941
SemEval2018-T3-train-taskA_emoji_3-emoji_frequency_non_ironic_vs_ironic_(ratio)_10.txt,30,0.0917318982387485
SemEval2018-T3-train-taskA_emoji_2-emoji_frequency_ironic_vs_non_ironic_(ratio)_7.txt,22,0.06727005870841651
SemEval2018-T3-train-taskA_emoji_3-emoji_frequency_ironic_vs_non_ironic_7.txt,14,0.04280821917808453
SemEval2018-T3-train-taskA_emoji_2-emoji_frequency_ironic_19.txt,72,0.22015655577298787
SemEval2018-T3-train-taskA_emoji_2-emoji_frequency_ironic_vs_non_ironic_(ratio)_20.txt,112,0.342465753424662
SemEval2018-T3-train-taskA_emoji_3-emoji_frequency_ironic_8.txt,28,0.08561643835616906
SemEval2018-T3-train-taskA_emoji_2-emoji_frequency_non_ironic_vs_ironic_(ratio)_11.txt,66,0.20181017612524954
SemEval2018-T3-train-taskA_emoji_4-emoji_frequency_ironic_vs_non_ironic_(ratio)_9.txt,31,0.09478962818003822
SemEval2018-T3-train-taskA_emoji_3-emoji_frequency_non_ironic_vs_ironic_(ratio)_19.txt,39,0.11925146771037021
SemEval2018-T3-train-taskA_emoji_4-emoji_frequency_non_ironic_16.txt,38,0.11619373776908049
SemEval2018-T3-train-taskA_emoji_2-emoji_frequency_non_ironic_5.txt,69,0.2109833659491187
SemEval2018-T3-train-taskA_emoji_1-emoji_frequency_non_ironic_vs_ironic_8.txt,123,0.37610078277886316
SemEval2018-T3-train-taskA_emoji_1-emoji_frequency_12.txt,292,0.8928571428571388
SemEval2018-T3-train-taskA_emoji_4-emoji_frequency_ironic_6.txt,10,0.03057729941291143
SemEval2018-T3-train-taskA_emoji_3-emoji_frequency_non_ironic_vs_ironic_12.txt,41,0.12536692759294965
SemEval2018-T3-train-taskA_emoji_2-emoji_frequency_ironic_9.txt,54,0.16511741682974446
SemEval2018-T3-train-taskA_emoji_2-emoji_frequency_non_ironic_vs_ironic_(ratio)_14.txt,75,0.22932974559687125
SemEval2018-T3-train-taskA_emoji_3-emoji_frequency_non_ironic_vs_ironic_(ratio)_3.txt,19,0.05809686888453314
SemEval2018-T3-train-taskA_emoji_4-emoji_frequency_ironic_vs_non_ironic_6.txt,10,0.03057729941291143
SemEval2018-T3-train-taskA_emoji_1-emoji_frequency_non_ironic_vs_ironic_16.txt,185,0.5656800391389396
SemEval2018-T3-train-taskA_emoji_1-emoji_frequency_ironic_vs_non_ironic_9.txt,201,0.6146037181996036
SemEval2018-T3-train-taskA_emoji_3-emoji_frequency_ironic_vs_non_ironic_(ratio)_13.txt,55,0.16817514677103418
SemEval2018-T3-train-taskA_emoji_2-emoji_frequency_ironic_vs_non_ironic_(ratio)_4.txt,16,0.04892367906066397
SemEval2018-T3-train-taskA_emoji_1-emoji_frequency_ironic_vs_non_ironic_10.txt,218,0.6665851272015715
SemEval2018-T3-train-taskA_emoji_1-emoji_frequency_14.txt,320,0.9784735812133079
SemEval2018-T3-train-taskA_emoji_1-emoji_frequency_ironic_vs_non_ironic_5.txt,157,0.48006360078278476
SemEval2018-T3-train-taskA_emoji_3-emoji_frequency_non_ironic_vs_ironic_10.txt,39,0.11925146771037021
SemEval2018-T3-train-taskA_emoji_1-emoji_frequency_non_ironic_vs_ironic_1.txt,22,0.06727005870841651
SemEval2018-T3-train-taskA_emoji_2-emoji_frequency_non_ironic_vs_ironic_(ratio)_8.txt,51,0.1559442270058753
SemEval2018-T3-train-taskA_emoji_4-emoji_frequency_non_ironic_4.txt,26,0.0795009784735754
SemEval2018-T3-train-taskA_emoji_4-emoji_frequency_non_ironic_vs_ironic_20.txt,42,0.12842465753425358
SemEval2018-T3-train-taskA_emoji_4-emoji_frequency_5.txt,30,0.0917318982387485
SemEval2018-T3-train-taskA_emoji_4-emoji_frequency_non_ironic_2.txt,22,0.06727005870841651
SemEval2018-T3-train-taskA_emoji_2-emoji_frequency_ironic_vs_non_ironic_3.txt,11,0.03363502935420115
SemEval2018-T3-train-taskA_emoji_1-emoji_frequency_ironic_vs_non_ironic_4.txt,66,0.20181017612524954
SemEval2018-T3-train-taskA_emoji_4-emoji_frequency_ironic_vs_non_ironic_(ratio)_18.txt,40,0.12230919765165993
SemEval2018-T3-train-taskA_emoji_2-emoji_frequency_non_ironic_16.txt,103,0.3149461839530403
SemEval2018-T3-train-taskA_emoji_2-emoji_frequency_ironic_vs_non_ironic_(ratio)_3.txt,14,0.04280821917808453
SemEval2018-T3-train-taskA_emoji_1-emoji_frequency_non_ironic_5.txt,166,0.5075831702544065
SemEval2018-T3-train-taskA_emoji_4-emoji_frequency_non_ironic_vs_ironic_(ratio)_13.txt,16,0.04892367906066397
SemEval2018-T3-train-taskA_emoji_3-emoji_frequency_non_ironic_vs_ironic_18.txt,47,0.1437133072407022
SemEval2018-T3-train-taskA_emoji_3-emoji_frequency_ironic_vs_non_ironic_(ratio)_3.txt,35,0.10702054794521132
SemEval2018-T3-train-taskA_emoji_1-emoji_frequency_non_ironic_vs_ironic_(ratio)_2.txt,27,0.08255870841487933
SemEval2018-T3-train-taskA_emoji_1-emoji_frequency_non_ironic_16.txt,307,0.938723091976513
SemEval2018-T3-train-taskA_emoji_3-emoji_frequency_ironic_5.txt,23,0.07032778864970624
SemEval2018-T3-train-taskA_emoji_1-emoji_frequency_non_ironic_vs_ironic_12.txt,154,0.4708904109589014
SemEval2018-T3-train-taskA_emoji_2-emoji_frequency_ironic_5.txt,47,0.1437133072407022
SemEval2018-T3-train-taskA_emoji_4-emoji_frequency_non_ironic_9.txt,31,0.09478962818003822
SemEval2018-T3-train-taskA_emoji_1-emoji_frequency_ironic_vs_non_ironic_18.txt,279,0.8531066536203582
SemEval2018-T3-train-taskA_emoji_3-emoji_frequency_non_ironic_20.txt,62,0.18957925636007644
SemEval2018-T3-train-taskA_emoji_3-emoji_frequency_non_ironic_vs_ironic_(ratio)_7.txt,26,0.0795009784735754
SemEval2018-T3-train-taskA_emoji_1-emoji_frequency_ironic_vs_non_ironic_(ratio)_20.txt,200,0.6115459882583139
SemEval2018-T3-train-taskA_emoji_4-emoji_frequency_ironic_5.txt,9,0.027519569471621708
SemEval2018-T3-train-taskA_emoji_4-emoji_frequency_ironic_20.txt,23,0.07032778864970624
SemEval2018-T3-train-taskA_emoji_3-emoji_frequency_non_ironic_vs_ironic_7.txt,36,0.11007827788650104
SemEval2018-T3-train-taskA_emoji_1-emoji_frequency_3.txt,142,0.4341976516634105
SemEval2018-T3-train-taskA_emoji_4-emoji_frequency_ironic_vs_non_ironic_3.txt,7,0.021404109589042264
SemEval2018-T3-train-taskA_emoji_2-emoji_frequency_ironic_17.txt,70,0.21404109589040843
SemEval2018-T3-train-taskA_emoji_2-emoji_frequency_non_ironic_vs_ironic_(ratio)_4.txt,43,0.1314823874755433
SemEval2018-T3-train-taskA_emoji_2-emoji_frequency_ironic_10.txt,56,0.1712328767123239
SemEval2018-T3-train-taskA_emoji_1-emoji_frequency_non_ironic_1.txt,91,0.2782534246575352
SemEval2018-T3-train-taskA_emoji_4-emoji_frequency_non_ironic_vs_ironic_(ratio)_5.txt,9,0.027519569471621708
SemEval2018-T3-train-taskA_emoji_1-emoji_frequency_ironic_vs_non_ironic_(ratio)_7.txt,83,0.25379158512720323
SemEval2018-T3-train-taskA_emoji_2-emoji_frequency_ironic_vs_non_ironic_13.txt,35,0.10702054794521132
SemEval2018-T3-train-taskA_emoji_4-emoji_frequency_2.txt,22,0.06727005870841651
SemEval2018-T3-train-taskA_emoji_4-emoji_frequency_non_ironic_vs_ironic_6.txt,28,0.08561643835616906
SemEval2018-T3-train-taskA_emoji_1-emoji_frequency_2.txt,120,0.366927592954994
SemEval2018-T3-train-taskA_emoji_4-emoji_frequency_non_ironic_15.txt,37,0.11313600782779076
SemEval2018-T3-train-taskA_emoji_3-emoji_frequency_ironic_vs_non_ironic_3.txt,8,0.024461839530331986
SemEval2018-T3-train-taskA_emoji_1-emoji_frequency_ironic_18.txt,312,0.9540117416829759
SemEval2018-T3-train-taskA_emoji_2-emoji_frequency_non_ironic_14.txt,99,0.3027152641878672
SemEval2018-T3-train-taskA_emoji_1-emoji_frequency_non_ironic_vs_ironic_(ratio)_5.txt,51,0.1559442270058753
SemEval2018-T3-train-taskA_emoji_4-emoji_frequency_non_ironic_vs_ironic_4.txt,26,0.0795009784735754
SemEval2018-T3-train-taskA_emoji_3-emoji_frequency_non_ironic_vs_ironic_(ratio)_4.txt,21,0.06421232876712679
SemEval2018-T3-train-taskA_emoji_3-emoji_frequency_ironic_vs_non_ironic_12.txt,19,0.05809686888453314
SemEval2018-T3-train-taskA_emoji_2-emoji_frequency_16.txt,110,0.33635029354206836
SemEval2018-T3-train-taskA_emoji_3-emoji_frequency_ironic_vs_non_ironic_(ratio)_1.txt,4,0.012230919765173098
SemEval2018-T3-train-taskA_emoji_1-emoji_frequency_non_ironic_7.txt,194,0.5931996086105613
SemEval2018-T3-train-taskA_emoji_2-emoji_frequency_ironic_vs_non_ironic_15.txt,37,0.11313600782779076
SemEval2018-T3-train-taskA_emoji_3-emoji_frequency_non_ironic_10.txt,52,0.159001956947165
SemEval2018-T3-train-taskA_emoji_4-emoji_frequency_non_ironic_17.txt,39,0.11925146771037021
SemEval2018-T3-train-taskA_emoji_4-emoji_frequency_non_ironic_vs_ironic_2.txt,22,0.06727005870841651
SemEval2018-T3-train-taskA_emoji_1-emoji_frequency_non_ironic_vs_ironic_(ratio)_11.txt,105,0.32106164383561975
SemEval2018-T3-train-taskA_emoji_1-emoji_frequency_non_ironic_vs_ironic_10.txt,140,0.42808219178081686
SemEval2018-T3-train-taskA_emoji_4-emoji_frequency_non_ironic_vs_ironic_(ratio)_18.txt,21,0.06421232876712679
SemEval2018-T3-train-taskA_emoji_2-emoji_frequency_ironic_20.txt,74,0.22627201565558153
SemEval2018-T3-train-taskA_emoji_2-emoji_frequency_ironic_vs_non_ironic_19.txt,41,0.12536692759294965
SemEval2018-T3-train-taskA_emoji_3-emoji_frequency_ironic_vs_non_ironic_6.txt,13,0.039750489236794806
SemEval2018-T3-train-taskA_emoji_2-emoji_frequency_non_ironic_vs_ironic_(ratio)_13.txt,72,0.22015655577298787
SemEval2018-T3-train-taskA_emoji_2-emoji_frequency_ironic_3.txt,41,0.12536692759294965
SemEval2018-T3-train-taskA_emoji_2-emoji_frequency_non_ironic_11.txt,91,0.2782534246575352
SemEval2018-T3-train-taskA_emoji_1-emoji_frequency_non_ironic_vs_ironic_(ratio)_16.txt,168,0.5136986301369859
SemEval2018-T3-train-taskA_emoji_3-emoji_frequency_18.txt,67,0.20486790606653926
SemEval2018-T3-train-taskA_emoji_4-emoji_frequency_13.txt,39,0.11925146771037021
SemEval2018-T3-train-taskA_emoji_4-emoji_frequency_non_ironic_vs_ironic_11.txt,33,0.10090508806261766
SemEval2018-T3-train-taskA_emoji_2-emoji_frequency_non_ironic_13.txt,97,0.29659980430528776
SemEval2018-T3-train-taskA_emoji_3-emoji_frequency_ironic_vs_non_ironic_11.txt,18,0.055039138943243415
SemEval2018-T3-train-taskA_emoji_1-emoji_frequency_non_ironic_vs_ironic_(ratio)_9.txt,95,0.2904843444226941
SemEval2018-T3-train-taskA_emoji_2-emoji_frequency_ironic_vs_non_ironic_(ratio)_19.txt,110,0.33635029354206836
SemEval2018-T3-train-taskA_emoji_4-emoji_frequency_non_ironic_1.txt,19,0.05809686888453314
SemEval2018-T3-train-taskA_emoji_4-emoji_frequency_9.txt,35,0.10702054794521132
SemEval2018-T3-train-taskA_emoji_4-emoji_frequency_7.txt,33,0.10090508806261766
SemEval2018-T3-train-taskA_emoji_1-emoji_frequency_ironic_17.txt,294,0.8989726027397325
SemEval2018-T3-train-taskA_emoji_3-emoji_frequency_non_ironic_vs_ironic_5.txt,34,0.10396281800390739
SemEval2018-T3-train-taskA_emoji_3-emoji_frequency_ironic_vs_non_ironic_(ratio)_7.txt,49,0.14982876712328164
SemEval2018-T3-train-taskA_emoji_2-emoji_frequency_1.txt,29,0.08867416829745878
SemEval2018-T3-train-taskA_emoji_2-emoji_frequency_4.txt,65,0.19875244618395982
SemEval2018-T3-train-taskA_emoji_1-emoji_frequency_5.txt,178,0.5442759295498973
SemEval2018-T3-train-taskA_emoji_4-emoji_frequency_non_ironic_vs_ironic_(ratio)_16.txt,19,0.05809686888453314
SemEval2018-T3-train-taskA_emoji_2-emoji_frequency_non_ironic_vs_ironic_(ratio)_6.txt,47,0.1437133072407022
SemEval2018-T3-train-taskA_emoji_3-emoji_frequency_non_ironic_2.txt,31,0.09478962818003822
SemEval2018-T3-train-taskA_emoji_2-emoji_frequency_ironic_vs_non_ironic_4.txt,14,0.04280821917808453
SemEval2018-T3-train-taskA_emoji_2-emoji_frequency_non_ironic_3.txt,58,0.17734833659491755
SemEval2018-T3-train-taskA_emoji_1-emoji_frequency_non_ironic_vs_ironic_(ratio)_1.txt,18,0.055039138943243415
SemEval2018-T3-train-taskA_emoji_2-emoji_frequency_non_ironic_15.txt,101,0.30883072407044665
SemEval2018-T3-train-taskA_emoji_4-emoji_frequency_non_ironic_vs_ironic_18.txt,40,0.12230919765165993
SemEval2018-T3-train-taskA_emoji_3-emoji_frequency_non_ironic_vs_ironic_(ratio)_5.txt,23,0.07032778864970624
SemEval2018-T3-train-taskA_emoji_4-emoji_frequency_ironic_vs_non_ironic_20.txt,23,0.07032778864970624
SemEval2018-T3-train-taskA_emoji_2-emoji_frequency_ironic_11.txt,57,0.17429060665361362
SemEval2018-T3-train-taskA_emoji_2-emoji_frequency_ironic_vs_non_ironic_16.txt,38,0.11619373776908049
SemEval2018-T3-train-taskA_emoji_3-emoji_frequency_ironic_vs_non_ironic_(ratio)_5.txt,44,0.13454011741683303
SemEval2018-T3-train-taskA_emoji_1-emoji_frequency_non_ironic_vs_ironic_(ratio)_18.txt,176,0.5381604696673179
SemEval2018-T3-train-taskA_emoji_1-emoji_frequency_non_ironic_19.txt,334,1.0212818003913924
SemEval2018-T3-train-taskA_emoji_1-emoji_frequency_non_ironic_9.txt,216,0.6604696673189778
SemEval2018-T3-train-taskA_emoji_3-emoji_frequency_ironic_vs_non_ironic_(ratio)_17.txt,59,0.18040606653620728
SemEval2018-T3-train-taskA_emoji_3-emoji_frequency_ironic_vs_non_ironic_8.txt,15,0.04586594911937425
SemEval2018-T3-train-taskA_emoji_1-emoji_frequency_6.txt,195,0.5962573385518652
SemEval2018-T3-train-taskA_emoji_4-emoji_frequency_ironic_16.txt,19,0.05809686888453314
SemEval2018-T3-train-taskA_emoji_3-emoji_frequency_ironic_7.txt,26,0.0795009784735754
SemEval2018-T3-train-taskA_emoji_1-emoji_frequency_non_ironic_vs_ironic_(ratio)_8.txt,85,0.2599070450097827
SemEval2018-T3-train-taskA_emoji_2-emoji_frequency_ironic_vs_non_ironic_11.txt,25,0.07644324853228568
SemEval2018-T3-train-taskA_emoji_3-emoji_frequency_19.txt,68,0.20792563600782898
SemEval2018-T3-train-taskA_emoji_2-emoji_frequency_ironic_vs_non_ironic_20.txt,42,0.12842465753425358
SemEval2018-T3-train-taskA_emoji_4-emoji_frequency_ironic_vs_non_ironic_11.txt,14,0.04280821917808453
SemEval2018-T3-train-taskA_emoji_1-emoji_frequency_ironic_13.txt,271,0.8286448140900262
SemEval2018-T3-train-taskA_emoji_4-emoji_frequency_non_ironic_vs_ironic_(ratio)_10.txt,13,0.039750489236794806
SemEval2018-T3-train-taskA_emoji_3-emoji_frequency_non_ironic_14.txt,56,0.1712328767123239
SemEval2018-T3-train-taskA_emoji_4-emoji_frequency_ironic_vs_non_ironic_(ratio)_8.txt,30,0.0917318982387485
SemEval2018-T3-train-taskA_emoji_2-emoji_frequency_non_ironic_vs_ironic_(ratio)_15.txt,77,0.2354452054794507
SemEval2018-T3-train-taskA_emoji_4-emoji_frequency_ironic_1.txt,3,0.009173189823869166
SemEval2018-T3-train-taskA_emoji_1-emoji_frequency_non_ironic_vs_ironic_5.txt,86,0.2629647749510724
SemEval2018-T3-train-taskA_emoji_4-emoji_frequency_ironic_9.txt,13,0.039750489236794806
SemEval2018-T3-train-taskA_emoji_4-emoji_frequency_ironic_13.txt,16,0.04892367906066397
SemEval2018-T3-train-taskA_emoji_3-emoji_frequency_17.txt,66,0.20181017612524954
SemEval2018-T3-train-taskA_emoji_4-emoji_frequency_ironic_vs_non_ironic_(ratio)_2.txt,22,0.06727005870841651
SemEval2018-T3-train-taskA_emoji_4-emoji_frequency_ironic_3.txt,7,0.021404109589042264
SemEval2018-T3-train-taskA_emoji_4-emoji_frequency_ironic_vs_non_ironic_(ratio)_4.txt,26,0.0795009784735754
SemEval2018-T3-train-taskA_emoji_1-emoji_frequency_ironic_vs_non_ironic_12.txt,240,0.7338551859099738
SemEval2018-T3-train-taskA_emoji_4-emoji_frequency_non_ironic_6.txt,28,0.08561643835616906
SemEval2018-T3-train-taskA_emoji_1-emoji_frequency_ironic_1.txt,91,0.2782534246575352
SemEval2018-T3-train-taskA_emoji_4-emoji_frequency_17.txt,42,0.12842465753425358
SemEval2018-T3-train-taskA_emoji_2-emoji_frequency_ironic_vs_non_ironic_17.txt,39,0.11925146771037021
SemEval2018-T3-train-taskA_emoji_4-emoji_frequency_non_ironic_vs_ironic_3.txt,25,0.07644324853228568
SemEval2018-T3-train-taskA_emoji_1-emoji_frequency_ironic_19.txt,322,0.9845890410958873
SemEval2018-T3-train-taskA_emoji_2-emoji_frequency_ironic_vs_non_ironic_(ratio)_1.txt,3,0.009173189823869166
SemEval2018-T3-train-taskA_emoji_4-emoji_frequency_non_ironic_3.txt,25,0.07644324853228568
SemEval2018-T3-train-taskA_emoji_1-emoji_frequency_ironic_vs_non_ironic_(ratio)_17.txt,171,0.5228718199608551
SemEval2018-T3-train-taskA_emoji_2-emoji_frequency_19.txt,116,0.3546966731898209
SemEval2018-T3-train-taskA_emoji_3-emoji_frequency_ironic_vs_non_ironic_4.txt,9,0.027519569471621708
SemEval2018-T3-train-taskA_emoji_4-emoji_frequency_ironic_17.txt,20,0.06115459882583707
SemEval2018-T3-train-taskA_emoji_4-emoji_frequency_ironic_vs_non_ironic_(ratio)_3.txt,25,0.07644324853228568
SemEval2018-T3-train-taskA_emoji_4-emoji_frequency_18.txt,43,0.1314823874755433
SemEval2018-T3-train-taskA_emoji_1-emoji_frequency_ironic_vs_non_ironic_(ratio)_1.txt,11,0.03363502935420115
SemEval2018-T3-train-taskA_emoji_4-emoji_frequency_ironic_vs_non_ironic_16.txt,19,0.05809686888453314
SemEval2018-T3-train-taskA_emoji_3-emoji_frequency_non_ironic_vs_ironic_(ratio)_11.txt,31,0.09478962818003822
SemEval2018-T3-train-taskA_emoji_1-emoji_frequency_non_ironic_vs_ironic_(ratio)_13.txt,133,0.4066780821917746
SemEval2018-T3-train-taskA_emoji_2-emoji_frequency_non_ironic_1.txt,21,0.06421232876712679
SemEval2018-T3-train-taskA_emoji_2-emoji_frequency_non_ironic_vs_ironic_(ratio)_5.txt,45,0.13759784735812275
SemEval2018-T3-train-taskA_emoji_4-emoji_frequency_ironic_vs_non_ironic_2.txt,5,0.01528864970646282
SemEval2018-T3-train-taskA_emoji_3-emoji_frequency_non_ironic_vs_ironic_(ratio)_18.txt,38,0.11619373776908049
SemEval2018-T3-train-taskA_emoji_4-emoji_frequency_ironic_vs_non_ironic_13.txt,16,0.04892367906066397
SemEval2018-T3-train-taskA_emoji_3-emoji_frequency_ironic_17.txt,37,0.11313600782779076
=======
SemEval2018-T3-train-taskA_emoji_4-emoji_frequency_ironic_10.txt,13,0.03948487425586222
SemEval2018-T3-train-taskA_emoji_3-emoji_frequency_ironic_vs_non_ironic_(ratio)_15.txt,57,0.1731259871218498
SemEval2018-T3-train-taskA_emoji_1-emoji_frequency_ironic_vs_non_ironic_16.txt,320,0.9719353662981405
SemEval2018-T3-train-taskA_emoji_3-emoji_frequency_ironic_vs_non_ironic_(ratio)_20.txt,62,0.1883124772202649
SemEval2018-T3-train-taskA_emoji_1-emoji_frequency_non_ironic_11.txt,247,0.7502126108613822
SemEval2018-T3-train-taskA_emoji_1-emoji_frequency_ironic_vs_non_ironic_8.txt,208,0.6317579880937956
SemEval2018-T3-train-taskA_emoji_2-emoji_frequency_ironic_vs_non_ironic_(ratio)_15.txt,100,0.30372980196817423
SemEval2018-T3-train-taskA_emoji_1-emoji_frequency_ironic_vs_non_ironic_3.txt,66,0.20046166929898845
SemEval2018-T3-train-taskA_emoji_4-emoji_frequency_ironic_vs_non_ironic_9.txt,31,0.09415623861012534
SemEval2018-T3-train-taskA_emoji_1-emoji_frequency_non_ironic_20.txt,342,1.0387559227311414
SemEval2018-T3-train-taskA_emoji_4-emoji_frequency_ironic_vs_non_ironic_12.txt,34,0.10326813266917156
SemEval2018-T3-train-taskA_emoji_2-emoji_frequency_non_ironic_6.txt,73,0.22172275543675823
SemEval2018-T3-train-taskA_emoji_3-emoji_frequency_6.txt,48,0.14579030494472534
SemEval2018-T3-train-taskA_emoji_3-emoji_frequency_5.txt,44,0.13364111286598757
SemEval2018-T3-train-taskA_emoji_1-emoji_frequency_ironic_vs_non_ironic_(ratio)_6.txt,79,0.23994654355485068
SemEval2018-T3-train-taskA_emoji_3-emoji_frequency_13.txt,62,0.1883124772202649
SemEval2018-T3-train-taskA_emoji_2-emoji_frequency_ironic_8.txt,54,0.16401409306281778
SemEval2018-T3-train-taskA_emoji_4-emoji_frequency_ironic_vs_non_ironic_(ratio)_13.txt,35,0.10630543068886311
SemEval2018-T3-train-taskA_emoji_4-emoji_frequency_11.txt,37,0.11238002672821779
SemEval2018-T3-train-taskA_emoji_1-emoji_frequency_non_ironic_15.txt,299,0.9081521078848311
SemEval2018-T3-train-taskA_emoji_1-emoji_frequency_ironic_15.txt,283,0.8595553395699227
SemEval2018-T3-train-taskA_emoji_3-emoji_frequency_non_ironic_3.txt,36,0.10934272870854045
SemEval2018-T3-train-taskA_emoji_2-emoji_frequency_non_ironic_12.txt,95,0.2885433118697591
SemEval2018-T3-train-taskA_emoji_1-emoji_frequency_ironic_vs_non_ironic_(ratio)_4.txt,59,0.17920058316121867
SemEval2018-T3-train-taskA_emoji_1-emoji_frequency_non_ironic_18.txt,324,0.984084558376864
SemEval2018-T3-train-taskA_emoji_2-emoji_frequency_ironic_1.txt,29,0.08808164257077067
SemEval2018-T3-train-taskA_emoji_3-emoji_frequency_ironic_13.txt,33,0.10023083464949423
SemEval2018-T3-train-taskA_emoji_1-emoji_frequency_ironic_vs_non_ironic_(ratio)_10.txt,93,0.28246871583039024
SemEval2018-T3-train-taskA_emoji_4-emoji_frequency_ironic_vs_non_ironic_4.txt,26,0.07896974851172445
SemEval2018-T3-train-taskA_emoji_3-emoji_frequency_ironic_vs_non_ironic_(ratio)_14.txt,56,0.17008868910217245
SemEval2018-T3-train-taskA_emoji_3-emoji_frequency_ironic_10.txt,30,0.091118940590448
SemEval2018-T3-train-taskA_emoji_3-emoji_frequency_ironic_2.txt,15,0.04555947029523111
SemEval2018-T3-train-taskA_emoji_4-emoji_frequency_ironic_vs_non_ironic_7.txt,29,0.08808164257077067
SemEval2018-T3-train-taskA_emoji_3-emoji_frequency_ironic_6.txt,24,0.07289515247235556
SemEval2018-T3-train-taskA_emoji_4-emoji_frequency_ironic_8.txt,12,0.036447576236184887
SemEval2018-T3-train-taskA_emoji_4-emoji_frequency_ironic_7.txt,11,0.03341027821649334
SemEval2018-T3-train-taskA_emoji_4-emoji_frequency_ironic_14.txt,17,0.05163406633458578
SemEval2018-T3-train-taskA_emoji_2-emoji_frequency_ironic_vs_non_ironic_18.txt,106,0.32195359008625246
SemEval2018-T3-train-taskA_emoji_4-emoji_frequency_non_ironic_5.txt,27,0.08200704653140178
SemEval2018-T3-train-taskA_emoji_4-emoji_frequency_ironic_vs_non_ironic_(ratio)_5.txt,27,0.08200704653140178
SemEval2018-T3-train-taskA_emoji_3-emoji_frequency_ironic_vs_non_ironic_20.txt,59,0.17920058316121867
SemEval2018-T3-train-taskA_emoji_1-emoji_frequency_ironic_vs_non_ironic_(ratio)_19.txt,194,0.5892358158182418
SemEval2018-T3-train-taskA_emoji_1-emoji_frequency_ironic_vs_non_ironic_(ratio)_12.txt,125,0.37966225246020713
SemEval2018-T3-train-taskA_emoji_1-emoji_frequency_ironic_vs_non_ironic_(ratio)_14.txt,140,0.42522172275543824
SemEval2018-T3-train-taskA_emoji_4-emoji_frequency_ironic_2.txt,5,0.015186490098415106
SemEval2018-T3-train-taskA_emoji_1-emoji_frequency_non_ironic_14.txt,283,0.8595553395699227
SemEval2018-T3-train-taskA_emoji_2-emoji_frequency_non_ironic_18.txt,107,0.324990888105944
SemEval2018-T3-train-taskA_emoji_4-emoji_frequency_ironic_vs_non_ironic_19.txt,41,0.12452921880695556
SemEval2018-T3-train-taskA_emoji_3-emoji_frequency_ironic_vs_non_ironic_(ratio)_4.txt,40,0.12149192078726401
SemEval2018-T3-train-taskA_emoji_3-emoji_frequency_non_ironic_12.txt,54,0.16401409306281778
SemEval2018-T3-train-taskA_emoji_2-emoji_frequency_ironic_vs_non_ironic_(ratio)_11.txt,82,0.2490584376138969
SemEval2018-T3-train-taskA_emoji_2-emoji_frequency_non_ironic_10.txt,89,0.2703195237516667
SemEval2018-T3-train-taskA_emoji_4-emoji_frequency_15.txt,41,0.12452921880695556
SemEval2018-T3-train-taskA_emoji_3-emoji_frequency_non_ironic_9.txt,51,0.15490219900377156
SemEval2018-T3-train-taskA_emoji_1-emoji_frequency_ironic_vs_non_ironic_(ratio)_5.txt,74,0.22476005345644978
SemEval2018-T3-train-taskA_emoji_2-emoji_frequency_ironic_vs_non_ironic_(ratio)_12.txt,88,0.26728222573198934
SemEval2018-T3-train-taskA_emoji_3-emoji_frequency_4.txt,40,0.12149192078726401
SemEval2018-T3-train-taskA_emoji_3-emoji_frequency_ironic_11.txt,31,0.09415623861012534
SemEval2018-T3-train-taskA_emoji_2-emoji_frequency_20.txt,118,0.35840116632243735
SemEval2018-T3-train-taskA_emoji_4-emoji_frequency_ironic_vs_non_ironic_5.txt,27,0.08200704653140178
SemEval2018-T3-train-taskA_emoji_3-emoji_frequency_20.txt,69,0.20957356335803468
SemEval2018-T3-train-taskA_emoji_2-emoji_frequency_ironic_vs_non_ironic_(ratio)_2.txt,10,0.030372980196816002
SemEval2018-T3-train-taskA_emoji_2-emoji_frequency_ironic_vs_non_ironic_(ratio)_5.txt,18,0.05467136435427733
SemEval2018-T3-train-taskA_emoji_2-emoji_frequency_ironic_4.txt,44,0.13364111286598757
SemEval2018-T3-train-taskA_emoji_3-emoji_frequency_ironic_vs_non_ironic_14.txt,53,0.16097679504312623
SemEval2018-T3-train-taskA_emoji_4-emoji_frequency_4.txt,28,0.08504434455109333
SemEval2018-T3-train-taskA_emoji_2-emoji_frequency_5.txt,71,0.21564815939740356
SemEval2018-T3-train-taskA_emoji_3-emoji_frequency_non_ironic_13.txt,55,0.16705139108249512
SemEval2018-T3-train-taskA_emoji_4-emoji_frequency_ironic_vs_non_ironic_(ratio)_12.txt,34,0.10326813266917156
SemEval2018-T3-train-taskA_emoji_3-emoji_frequency_2.txt,31,0.09415623861012534
SemEval2018-T3-train-taskA_emoji_2-emoji_frequency_6.txt,76,0.23083464949580446
SemEval2018-T3-train-taskA_emoji_2-emoji_frequency_non_ironic_7.txt,76,0.23083464949580446
SemEval2018-T3-train-taskA_emoji_4-emoji_frequency_1.txt,19,0.05770866237395467
SemEval2018-T3-train-taskA_emoji_1-emoji_frequency_ironic_6.txt,180,0.5467136435427022
SemEval2018-T3-train-taskA_emoji_3-emoji_frequency_non_ironic_16.txt,58,0.17616328514154134
SemEval2018-T3-train-taskA_emoji_4-emoji_frequency_ironic_vs_non_ironic_(ratio)_14.txt,36,0.10934272870854045
SemEval2018-T3-train-taskA_emoji_2-emoji_frequency_2.txt,50,0.15186490098408
SemEval2018-T3-train-taskA_emoji_1-emoji_frequency_ironic_vs_non_ironic_(ratio)_8.txt,87,0.264244927712312
SemEval2018-T3-train-taskA_emoji_1-emoji_frequency_ironic_5.txt,163,0.49507957720811646
SemEval2018-T3-train-taskA_emoji_2-emoji_frequency_ironic_15.txt,68,0.20653626533835734
SemEval2018-T3-train-taskA_emoji_4-emoji_frequency_19.txt,44,0.13364111286598757
SemEval2018-T3-train-taskA_emoji_2-emoji_frequency_ironic_6.txt,50,0.15186490098408
SemEval2018-T3-train-taskA_emoji_3-emoji_frequency_ironic_vs_non_ironic_1.txt,20,0.060745960393632004
SemEval2018-T3-train-taskA_emoji_3-emoji_frequency_non_ironic_4.txt,40,0.12149192078726401
SemEval2018-T3-train-taskA_emoji_4-emoji_frequency_16.txt,42,0.1275665168266329
SemEval2018-T3-train-taskA_emoji_1-emoji_frequency_ironic_12.txt,257,0.7805855910581982
SemEval2018-T3-train-taskA_emoji_4-emoji_frequency_non_ironic_18.txt,40,0.12149192078726401
SemEval2018-T3-train-taskA_emoji_1-emoji_frequency_ironic_vs_non_ironic_(ratio)_9.txt,90,0.2733568217713582
SemEval2018-T3-train-taskA_emoji_1-emoji_frequency_9.txt,246,0.7471753128416907
SemEval2018-T3-train-taskA_emoji_2-emoji_frequency_non_ironic_17.txt,105,0.3189162920665751
SemEval2018-T3-train-taskA_emoji_3-emoji_frequency_ironic_vs_non_ironic_(ratio)_11.txt,53,0.16097679504312623
SemEval2018-T3-train-taskA_emoji_3-emoji_frequency_ironic_vs_non_ironic_5.txt,34,0.10326813266917156
SemEval2018-T3-train-taskA_emoji_4-emoji_frequency_ironic_11.txt,14,0.04252217227553956
SemEval2018-T3-train-taskA_emoji_1-emoji_frequency_ironic_vs_non_ironic_(ratio)_15.txt,147,0.446482808893208
SemEval2018-T3-train-taskA_emoji_4-emoji_frequency_ironic_vs_non_ironic_(ratio)_11.txt,33,0.10023083464949423
SemEval2018-T3-train-taskA_emoji_4-emoji_frequency_10.txt,36,0.10934272870854045
SemEval2018-T3-train-taskA_emoji_4-emoji_frequency_ironic_vs_non_ironic_(ratio)_10.txt,32,0.09719353662981689
SemEval2018-T3-train-taskA_emoji_2-emoji_frequency_18.txt,114,0.3462519742437138
SemEval2018-T3-train-taskA_emoji_2-emoji_frequency_ironic_vs_non_ironic_14.txt,70,0.212610861377712
SemEval2018-T3-train-taskA_emoji_3-emoji_frequency_ironic_vs_non_ironic_10.txt,49,0.14882760296440267
SemEval2018-T3-train-taskA_emoji_3-emoji_frequency_ironic_9.txt,29,0.08808164257077067
SemEval2018-T3-train-taskA_emoji_2-emoji_frequency_ironic_vs_non_ironic_6.txt,47,0.1427530069250338
SemEval2018-T3-train-taskA_emoji_2-emoji_frequency_ironic_vs_non_ironic_(ratio)_8.txt,24,0.07289515247235556
SemEval2018-T3-train-taskA_emoji_4-emoji_frequency_non_ironic_19.txt,41,0.12452921880695556
SemEval2018-T3-train-taskA_emoji_1-emoji_frequency_ironic_vs_non_ironic_(ratio)_18.txt,188,0.5710120277001636
SemEval2018-T3-train-taskA_emoji_1-emoji_frequency_ironic_vs_non_ironic_(ratio)_3.txt,48,0.14579030494472534
SemEval2018-T3-train-taskA_emoji_1-emoji_frequency_non_ironic_13.txt,273,0.8291823593731067
SemEval2018-T3-train-taskA_emoji_3-emoji_frequency_non_ironic_19.txt,61,0.18527517920058756
SemEval2018-T3-train-taskA_emoji_4-emoji_frequency_ironic_19.txt,22,0.06682055643300089
SemEval2018-T3-train-taskA_emoji_3-emoji_frequency_non_ironic_1.txt,20,0.060745960393632004
SemEval2018-T3-train-taskA_emoji_1-emoji_frequency_ironic_vs_non_ironic_20.txt,351,1.06609160490828
SemEval2018-T3-train-taskA_emoji_1-emoji_frequency_ironic_vs_non_ironic_11.txt,250,0.7593245049204285
SemEval2018-T3-train-taskA_emoji_2-emoji_frequency_9.txt,89,0.2703195237516667
SemEval2018-T3-train-taskA_emoji_3-emoji_frequency_ironic_vs_non_ironic_(ratio)_19.txt,61,0.18527517920058756
SemEval2018-T3-train-taskA_emoji_1-emoji_frequency_non_ironic_4.txt,149,0.4525574049325769
SemEval2018-T3-train-taskA_emoji_3-emoji_frequency_ironic_vs_non_ironic_(ratio)_18.txt,60,0.182237881180896
SemEval2018-T3-train-taskA_emoji_4-emoji_frequency_ironic_vs_non_ironic_(ratio)_16.txt,38,0.11541732474790933
SemEval2018-T3-train-taskA_emoji_4-emoji_frequency_ironic_vs_non_ironic_17.txt,39,0.11845462276758667
SemEval2018-T3-train-taskA_emoji_4-emoji_frequency_ironic_18.txt,21,0.06378325841330934
SemEval2018-T3-train-taskA_emoji_4-emoji_frequency_ironic_vs_non_ironic_(ratio)_6.txt,28,0.08504434455109333
SemEval2018-T3-train-taskA_emoji_3-emoji_frequency_non_ironic_18.txt,60,0.182237881180896
SemEval2018-T3-train-taskA_emoji_3-emoji_frequency_10.txt,57,0.1731259871218498
SemEval2018-T3-train-taskA_emoji_4-emoji_frequency_ironic_vs_non_ironic_8.txt,30,0.091118940590448
SemEval2018-T3-train-taskA_emoji_1-emoji_frequency_ironic_vs_non_ironic_1.txt,29,0.08808164257077067
SemEval2018-T3-train-taskA_emoji_1-emoji_frequency_ironic_2.txt,120,0.36447576236180623
SemEval2018-T3-train-taskA_emoji_2-emoji_frequency_ironic_vs_non_ironic_10.txt,62,0.1883124772202649
SemEval2018-T3-train-taskA_emoji_3-emoji_frequency_11.txt,58,0.17616328514154134
SemEval2018-T3-train-taskA_emoji_1-emoji_frequency_19.txt,378,1.1480986514396818
SemEval2018-T3-train-taskA_emoji_3-emoji_frequency_14.txt,63,0.19134977523994223
SemEval2018-T3-train-taskA_emoji_1-emoji_frequency_17.txt,356,1.081278095006681
SemEval2018-T3-train-taskA_emoji_1-emoji_frequency_ironic_11.txt,247,0.7502126108613822
SemEval2018-T3-train-taskA_emoji_4-emoji_frequency_3.txt,25,0.07593245049204711
SemEval2018-T3-train-taskA_emoji_1-emoji_frequency_4.txt,160,0.48596768314907024
SemEval2018-T3-train-taskA_emoji_2-emoji_frequency_ironic_vs_non_ironic_(ratio)_9.txt,53,0.16097679504312623
SemEval2018-T3-train-taskA_emoji_4-emoji_frequency_ironic_vs_non_ironic_(ratio)_1.txt,19,0.05770866237395467
SemEval2018-T3-train-taskA_emoji_1-emoji_frequency_10.txt,262,0.7957720811565991
SemEval2018-T3-train-taskA_emoji_2-emoji_frequency_17.txt,112,0.3401773782043449
SemEval2018-T3-train-taskA_emoji_2-emoji_frequency_non_ironic_20.txt,109,0.3310654841452987
SemEval2018-T3-train-taskA_emoji_2-emoji_frequency_ironic_vs_non_ironic_(ratio)_14.txt,97,0.294617907909128
SemEval2018-T3-train-taskA_emoji_1-emoji_frequency_ironic_20.txt,330,1.0023083464949565
SemEval2018-T3-train-taskA_emoji_4-emoji_frequency_non_ironic_12.txt,34,0.10326813266917156
SemEval2018-T3-train-taskA_emoji_1-emoji_frequency_non_ironic_12.txt,256,0.7775482930385067
SemEval2018-T3-train-taskA_emoji_2-emoji_frequency_14.txt,104,0.3158789940468978
SemEval2018-T3-train-taskA_emoji_4-emoji_frequency_non_ironic_10.txt,32,0.09719353662981689
SemEval2018-T3-train-taskA_emoji_2-emoji_frequency_ironic_vs_non_ironic_(ratio)_6.txt,20,0.060745960393632004
SemEval2018-T3-train-taskA_emoji_3-emoji_frequency_ironic_20.txt,40,0.12149192078726401
SemEval2018-T3-train-taskA_emoji_4-emoji_frequency_14.txt,40,0.12149192078726401
SemEval2018-T3-train-taskA_emoji_3-emoji_frequency_8.txt,53,0.16097679504312623
SemEval2018-T3-train-taskA_emoji_1-emoji_frequency_ironic_vs_non_ironic_2.txt,51,0.15490219900377156
SemEval2018-T3-train-taskA_emoji_1-emoji_frequency_non_ironic_2.txt,113,0.34321467622403645
SemEval2018-T3-train-taskA_emoji_3-emoji_frequency_ironic_vs_non_ironic_(ratio)_8.txt,50,0.15186490098408
SemEval2018-T3-train-taskA_emoji_4-emoji_frequency_6.txt,32,0.09719353662981689
SemEval2018-T3-train-taskA_emoji_2-emoji_frequency_non_ironic_9.txt,86,0.26120762969262046
SemEval2018-T3-train-taskA_emoji_4-emoji_frequency_non_ironic_8.txt,30,0.091118940590448
SemEval2018-T3-train-taskA_emoji_2-emoji_frequency_8.txt,85,0.2581703316729431
SemEval2018-T3-train-taskA_emoji_3-emoji_frequency_ironic_19.txt,39,0.11845462276758667
SemEval2018-T3-train-taskA_emoji_1-emoji_frequency_1.txt,91,0.27639411979103556
SemEval2018-T3-train-taskA_emoji_2-emoji_frequency_13.txt,101,0.30676709998785157
SemEval2018-T3-train-taskA_emoji_3-emoji_frequency_ironic_vs_non_ironic_13.txt,52,0.1579394970234489
SemEval2018-T3-train-taskA_emoji_3-emoji_frequency_ironic_14.txt,34,0.10326813266917156
SemEval2018-T3-train-taskA_emoji_2-emoji_frequency_non_ironic_4.txt,64,0.19438707325963378
SemEval2018-T3-train-taskA_emoji_1-emoji_frequency_ironic_vs_non_ironic_14.txt,296,0.8990402138257849
SemEval2018-T3-train-taskA_emoji_2-emoji_frequency_ironic_16.txt,69,0.20957356335803468
SemEval2018-T3-train-taskA_emoji_1-emoji_frequency_ironic_vs_non_ironic_(ratio)_2.txt,40,0.12149192078726401
SemEval2018-T3-train-taskA_emoji_2-emoji_frequency_ironic_2.txt,34,0.10326813266917156
SemEval2018-T3-train-taskA_emoji_2-emoji_frequency_12.txt,98,0.29765520592880534
SemEval2018-T3-train-taskA_emoji_3-emoji_frequency_ironic_4.txt,21,0.06378325841330934
SemEval2018-T3-train-taskA_emoji_1-emoji_frequency_13.txt,306,0.9294131940226009
SemEval2018-T3-train-taskA_emoji_3-emoji_frequency_ironic_15.txt,35,0.10630543068886311
SemEval2018-T3-train-taskA_emoji_4-emoji_frequency_ironic_vs_non_ironic_(ratio)_17.txt,39,0.11845462276758667
SemEval2018-T3-train-taskA_emoji_2-emoji_frequency_non_ironic_8.txt,79,0.23994654355485068
SemEval2018-T3-train-taskA_emoji_4-emoji_frequency_ironic_vs_non_ironic_15.txt,37,0.11238002672821779
SemEval2018-T3-train-taskA_emoji_3-emoji_frequency_ironic_3.txt,19,0.05770866237395467
SemEval2018-T3-train-taskA_emoji_2-emoji_frequency_non_ironic_2.txt,50,0.15186490098408
SemEval2018-T3-train-taskA_emoji_3-emoji_frequency_3.txt,36,0.10934272870854045
SemEval2018-T3-train-taskA_emoji_3-emoji_frequency_non_ironic_17.txt,59,0.17920058316121867
SemEval2018-T3-train-taskA_emoji_4-emoji_frequency_non_ironic_20.txt,42,0.1275665168266329
SemEval2018-T3-train-taskA_emoji_2-emoji_frequency_ironic_vs_non_ironic_(ratio)_10.txt,61,0.18527517920058756
SemEval2018-T3-train-taskA_emoji_2-emoji_frequency_ironic_vs_non_ironic_1.txt,21,0.06378325841330934
SemEval2018-T3-train-taskA_emoji_4-emoji_frequency_non_ironic_11.txt,33,0.10023083464949423
SemEval2018-T3-train-taskA_emoji_1-emoji_frequency_ironic_10.txt,239,0.7259142267039209
SemEval2018-T3-train-taskA_emoji_3-emoji_frequency_1.txt,20,0.060745960393632004
SemEval2018-T3-train-taskA_emoji_3-emoji_frequency_ironic_12.txt,32,0.09719353662981689
SemEval2018-T3-train-taskA_emoji_3-emoji_frequency_ironic_vs_non_ironic_9.txt,48,0.14579030494472534
SemEval2018-T3-train-taskA_emoji_3-emoji_frequency_ironic_vs_non_ironic_(ratio)_2.txt,15,0.04555947029523111
SemEval2018-T3-train-taskA_emoji_4-emoji_frequency_non_ironic_13.txt,35,0.10630543068886311
SemEval2018-T3-train-taskA_emoji_2-emoji_frequency_ironic_12.txt,61,0.18527517920058756
SemEval2018-T3-train-taskA_emoji_1-emoji_frequency_20.txt,388,1.1784716316364978
SemEval2018-T3-train-taskA_emoji_2-emoji_frequency_10.txt,92,0.2794314178107129
SemEval2018-T3-train-taskA_emoji_2-emoji_frequency_ironic_7.txt,52,0.1579394970234489
SemEval2018-T3-train-taskA_emoji_4-emoji_frequency_non_ironic_14.txt,36,0.10934272870854045
SemEval2018-T3-train-taskA_emoji_3-emoji_frequency_ironic_vs_non_ironic_18.txt,57,0.1731259871218498
SemEval2018-T3-train-taskA_emoji_3-emoji_frequency_ironic_18.txt,38,0.11541732474790933
SemEval2018-T3-train-taskA_emoji_3-emoji_frequency_12.txt,60,0.182237881180896
SemEval2018-T3-train-taskA_emoji_1-emoji_frequency_non_ironic_6.txt,180,0.5467136435427022
SemEval2018-T3-train-taskA_emoji_4-emoji_frequency_ironic_vs_non_ironic_1.txt,19,0.05770866237395467
SemEval2018-T3-train-taskA_emoji_1-emoji_frequency_ironic_4.txt,152,0.4616692989916231
SemEval2018-T3-train-taskA_emoji_1-emoji_frequency_18.txt,367,1.1146883732231743
SemEval2018-T3-train-taskA_emoji_4-emoji_frequency_ironic_vs_non_ironic_18.txt,40,0.12149192078726401
SemEval2018-T3-train-taskA_emoji_1-emoji_frequency_non_ironic_10.txt,230,0.6985785445267823
SemEval2018-T3-train-taskA_emoji_1-emoji_frequency_ironic_8.txt,206,0.6256833920544267
SemEval2018-T3-train-taskA_emoji_1-emoji_frequency_non_ironic_3.txt,131,0.39788604057829957
SemEval2018-T3-train-taskA_emoji_2-emoji_frequency_15.txt,107,0.324990888105944
SemEval2018-T3-train-taskA_emoji_3-emoji_frequency_16.txt,65,0.19742437127931112
SemEval2018-T3-train-taskA_emoji_3-emoji_frequency_ironic_vs_non_ironic_(ratio)_10.txt,52,0.1579394970234489
SemEval2018-T3-train-taskA_emoji_3-emoji_frequency_non_ironic_5.txt,43,0.13060381484631023
SemEval2018-T3-train-taskA_emoji_3-emoji_frequency_non_ironic_11.txt,53,0.16097679504312623
SemEval2018-T3-train-taskA_emoji_1-emoji_frequency_ironic_vs_non_ironic_17.txt,331,1.0053456445146338
SemEval2018-T3-train-taskA_emoji_2-emoji_frequency_7.txt,81,0.24602113959421956
SemEval2018-T3-train-taskA_emoji_3-emoji_frequency_ironic_vs_non_ironic_19.txt,58,0.17616328514154134
SemEval2018-T3-train-taskA_emoji_4-emoji_frequency_ironic_15.txt,18,0.05467136435427733
SemEval2018-T3-train-taskA_emoji_1-emoji_frequency_non_ironic_8.txt,205,0.6226460940347494
SemEval2018-T3-train-taskA_emoji_1-emoji_frequency_ironic_16.txt,290,0.8808164257076925
SemEval2018-T3-train-taskA_emoji_3-emoji_frequency_15.txt,64,0.19438707325963378
SemEval2018-T3-train-taskA_emoji_2-emoji_frequency_ironic_vs_non_ironic_5.txt,44,0.13364111286598757
SemEval2018-T3-train-taskA_emoji_3-emoji_frequency_ironic_vs_non_ironic_2.txt,25,0.07593245049204711
SemEval2018-T3-train-taskA_emoji_4-emoji_frequency_8.txt,34,0.10326813266917156
SemEval2018-T3-train-taskA_emoji_4-emoji_frequency_ironic_4.txt,8,0.024298384157447117
SemEval2018-T3-train-taskA_emoji_4-emoji_frequency_20.txt,45,0.1366784108856791
SemEval2018-T3-train-taskA_emoji_3-emoji_frequency_ironic_1.txt,11,0.03341027821649334
SemEval2018-T3-train-taskA_emoji_2-emoji_frequency_non_ironic_19.txt,108,0.32802818612562135
SemEval2018-T3-train-taskA_emoji_1-emoji_frequency_non_ironic_17.txt,316,0.9597861742194169
SemEval2018-T3-train-taskA_emoji_2-emoji_frequency_ironic_vs_non_ironic_(ratio)_13.txt,93,0.28246871583039024
SemEval2018-T3-train-taskA_emoji_4-emoji_frequency_ironic_vs_non_ironic_(ratio)_15.txt,37,0.11238002672821779
SemEval2018-T3-train-taskA_emoji_4-emoji_frequency_ironic_vs_non_ironic_(ratio)_19.txt,41,0.12452921880695556
SemEval2018-T3-train-taskA_emoji_2-emoji_frequency_ironic_18.txt,71,0.21564815939740356
SemEval2018-T3-train-taskA_emoji_4-emoji_frequency_ironic_vs_non_ironic_(ratio)_20.txt,42,0.1275665168266329
SemEval2018-T3-train-taskA_emoji_3-emoji_frequency_non_ironic_15.txt,57,0.1731259871218498
SemEval2018-T3-train-taskA_emoji_3-emoji_frequency_ironic_vs_non_ironic_16.txt,55,0.16705139108249512
SemEval2018-T3-train-taskA_emoji_1-emoji_frequency_ironic_3.txt,135,0.41003523265702313
SemEval2018-T3-train-taskA_emoji_1-emoji_frequency_ironic_vs_non_ironic_(ratio)_11.txt,110,0.33410278216499023
SemEval2018-T3-train-taskA_emoji_3-emoji_frequency_ironic_vs_non_ironic_(ratio)_9.txt,51,0.15490219900377156
SemEval2018-T3-train-taskA_emoji_2-emoji_frequency_ironic_vs_non_ironic_8.txt,53,0.16097679504312623
SemEval2018-T3-train-taskA_emoji_2-emoji_frequency_ironic_vs_non_ironic_(ratio)_18.txt,108,0.32802818612562135
SemEval2018-T3-train-taskA_emoji_4-emoji_frequency_ironic_12.txt,15,0.04555947029523111
SemEval2018-T3-train-taskA_emoji_4-emoji_frequency_12.txt,38,0.11541732474790933
SemEval2018-T3-train-taskA_emoji_3-emoji_frequency_ironic_vs_non_ironic_15.txt,54,0.16401409306281778
SemEval2018-T3-train-taskA_emoji_1-emoji_frequency_7.txt,212,0.6439071801725191
SemEval2018-T3-train-taskA_emoji_4-emoji_frequency_ironic_vs_non_ironic_(ratio)_7.txt,29,0.08808164257077067
SemEval2018-T3-train-taskA_emoji_2-emoji_frequency_ironic_14.txt,65,0.19742437127931112
SemEval2018-T3-train-taskA_emoji_1-emoji_frequency_ironic_vs_non_ironic_13.txt,282,0.8565180415502311
SemEval2018-T3-train-taskA_emoji_1-emoji_frequency_ironic_vs_non_ironic_7.txt,117,0.35536386830276
SemEval2018-T3-train-taskA_emoji_1-emoji_frequency_ironic_vs_non_ironic_19.txt,343,1.0417932207508187
SemEval2018-T3-train-taskA_emoji_2-emoji_frequency_ironic_13.txt,63,0.19134977523994223
SemEval2018-T3-train-taskA_emoji_3-emoji_frequency_9.txt,55,0.16705139108249512
SemEval2018-T3-train-taskA_emoji_1-emoji_frequency_ironic_9.txt,223,0.6773174583890125
SemEval2018-T3-train-taskA_emoji_1-emoji_frequency_15.txt,334,1.01445753857368
SemEval2018-T3-train-taskA_emoji_3-emoji_frequency_ironic_vs_non_ironic_17.txt,56,0.17008868910217245
SemEval2018-T3-train-taskA_emoji_2-emoji_frequency_ironic_vs_non_ironic_(ratio)_16.txt,103,0.31284169602722045
SemEval2018-T3-train-taskA_emoji_2-emoji_frequency_ironic_vs_non_ironic_2.txt,27,0.08200704653140178
SemEval2018-T3-train-taskA_emoji_3-emoji_frequency_ironic_vs_non_ironic_(ratio)_6.txt,47,0.1427530069250338
SemEval2018-T3-train-taskA_emoji_3-emoji_frequency_non_ironic_6.txt,45,0.1366784108856791
SemEval2018-T3-train-taskA_emoji_3-emoji_frequency_7.txt,51,0.15490219900377156
SemEval2018-T3-train-taskA_emoji_4-emoji_frequency_non_ironic_7.txt,29,0.08808164257077067
SemEval2018-T3-train-taskA_emoji_3-emoji_frequency_non_ironic_8.txt,50,0.15186490098408
SemEval2018-T3-train-taskA_emoji_2-emoji_frequency_ironic_vs_non_ironic_(ratio)_17.txt,106,0.32195359008625246
SemEval2018-T3-train-taskA_emoji_1-emoji_frequency_ironic_vs_non_ironic_6.txt,106,0.32195359008625246
SemEval2018-T3-train-taskA_emoji_1-emoji_frequency_ironic_vs_non_ironic_15.txt,311,0.9445996841210018
SemEval2018-T3-train-taskA_emoji_3-emoji_frequency_ironic_16.txt,36,0.10934272870854045
SemEval2018-T3-train-taskA_emoji_3-emoji_frequency_non_ironic_7.txt,49,0.14882760296440267
SemEval2018-T3-train-taskA_emoji_3-emoji_frequency_ironic_vs_non_ironic_(ratio)_16.txt,58,0.17616328514154134
SemEval2018-T3-train-taskA_emoji_2-emoji_frequency_ironic_vs_non_ironic_9.txt,60,0.182237881180896
SemEval2018-T3-train-taskA_emoji_3-emoji_frequency_ironic_vs_non_ironic_(ratio)_12.txt,54,0.16401409306281778
SemEval2018-T3-train-taskA_emoji_1-emoji_frequency_11.txt,277,0.8413315514518303
SemEval2018-T3-train-taskA_emoji_1-emoji_frequency_8.txt,229,0.6955412465071049
SemEval2018-T3-train-taskA_emoji_1-emoji_frequency_ironic_vs_non_ironic_(ratio)_13.txt,135,0.41003523265702313
SemEval2018-T3-train-taskA_emoji_2-emoji_frequency_3.txt,58,0.17616328514154134
SemEval2018-T3-train-taskA_emoji_4-emoji_frequency_ironic_vs_non_ironic_10.txt,32,0.09719353662981689
SemEval2018-T3-train-taskA_emoji_2-emoji_frequency_ironic_vs_non_ironic_7.txt,50,0.15186490098408
SemEval2018-T3-train-taskA_emoji_1-emoji_frequency_16.txt,345,1.0478678167901876
SemEval2018-T3-train-taskA_emoji_1-emoji_frequency_ironic_vs_non_ironic_(ratio)_16.txt,154,0.4677438950309778
SemEval2018-T3-train-taskA_emoji_4-emoji_frequency_ironic_vs_non_ironic_14.txt,36,0.10934272870854045
SemEval2018-T3-train-taskA_emoji_1-emoji_frequency_ironic_14.txt,278,0.8443688494715076
SemEval2018-T3-train-taskA_emoji_2-emoji_frequency_ironic_vs_non_ironic_12.txt,66,0.20046166929898845
SemEval2018-T3-train-taskA_emoji_1-emoji_frequency_ironic_7.txt,191,0.5801239217592098
SemEval2018-T3-train-taskA_emoji_2-emoji_frequency_11.txt,95,0.2885433118697591
SemEval2018-T3-train-taskA_emoji_2-emoji_frequency_ironic_vs_non_ironic_(ratio)_7.txt,22,0.06682055643300089
SemEval2018-T3-train-taskA_emoji_3-emoji_frequency_ironic_vs_non_ironic_7.txt,46,0.13971570890535645
SemEval2018-T3-train-taskA_emoji_2-emoji_frequency_ironic_19.txt,72,0.2186854574170809
SemEval2018-T3-train-taskA_emoji_2-emoji_frequency_ironic_vs_non_ironic_(ratio)_20.txt,112,0.3401773782043449
SemEval2018-T3-train-taskA_emoji_3-emoji_frequency_ironic_8.txt,28,0.08504434455109333
SemEval2018-T3-train-taskA_emoji_4-emoji_frequency_ironic_vs_non_ironic_(ratio)_9.txt,31,0.09415623861012534
SemEval2018-T3-train-taskA_emoji_4-emoji_frequency_non_ironic_16.txt,38,0.11541732474790933
SemEval2018-T3-train-taskA_emoji_2-emoji_frequency_non_ironic_5.txt,69,0.20957356335803468
SemEval2018-T3-train-taskA_emoji_1-emoji_frequency_12.txt,292,0.8868910217470471
SemEval2018-T3-train-taskA_emoji_4-emoji_frequency_ironic_6.txt,10,0.030372980196816002
SemEval2018-T3-train-taskA_emoji_2-emoji_frequency_ironic_9.txt,54,0.16401409306281778
SemEval2018-T3-train-taskA_emoji_4-emoji_frequency_ironic_vs_non_ironic_6.txt,28,0.08504434455109333
SemEval2018-T3-train-taskA_emoji_1-emoji_frequency_ironic_vs_non_ironic_9.txt,225,0.6833920544283814
SemEval2018-T3-train-taskA_emoji_3-emoji_frequency_ironic_vs_non_ironic_(ratio)_13.txt,55,0.16705139108249512
SemEval2018-T3-train-taskA_emoji_2-emoji_frequency_ironic_vs_non_ironic_(ratio)_4.txt,16,0.048596768314908445
SemEval2018-T3-train-taskA_emoji_1-emoji_frequency_ironic_vs_non_ironic_10.txt,242,0.7350261207629671
SemEval2018-T3-train-taskA_emoji_1-emoji_frequency_14.txt,320,0.9719353662981405
SemEval2018-T3-train-taskA_emoji_1-emoji_frequency_ironic_vs_non_ironic_5.txt,95,0.2885433118697591
SemEval2018-T3-train-taskA_emoji_4-emoji_frequency_non_ironic_4.txt,26,0.07896974851172445
SemEval2018-T3-train-taskA_emoji_4-emoji_frequency_5.txt,30,0.091118940590448
SemEval2018-T3-train-taskA_emoji_4-emoji_frequency_non_ironic_2.txt,22,0.06682055643300089
SemEval2018-T3-train-taskA_emoji_2-emoji_frequency_ironic_vs_non_ironic_3.txt,35,0.10630543068886311
SemEval2018-T3-train-taskA_emoji_1-emoji_frequency_ironic_vs_non_ironic_4.txt,84,0.2551330336532658
SemEval2018-T3-train-taskA_emoji_4-emoji_frequency_ironic_vs_non_ironic_(ratio)_18.txt,40,0.12149192078726401
SemEval2018-T3-train-taskA_emoji_2-emoji_frequency_non_ironic_16.txt,103,0.31284169602722045
SemEval2018-T3-train-taskA_emoji_2-emoji_frequency_ironic_vs_non_ironic_(ratio)_3.txt,14,0.04252217227553956
SemEval2018-T3-train-taskA_emoji_1-emoji_frequency_non_ironic_5.txt,166,0.5041914712671627
SemEval2018-T3-train-taskA_emoji_3-emoji_frequency_ironic_vs_non_ironic_(ratio)_3.txt,35,0.10630543068886311
SemEval2018-T3-train-taskA_emoji_1-emoji_frequency_non_ironic_16.txt,307,0.9324504920422783
SemEval2018-T3-train-taskA_emoji_3-emoji_frequency_ironic_5.txt,23,0.06985785445267823
SemEval2018-T3-train-taskA_emoji_2-emoji_frequency_ironic_5.txt,47,0.1427530069250338
SemEval2018-T3-train-taskA_emoji_4-emoji_frequency_non_ironic_9.txt,31,0.09415623861012534
SemEval2018-T3-train-taskA_emoji_1-emoji_frequency_ironic_vs_non_ironic_18.txt,337,1.0235694326327263
SemEval2018-T3-train-taskA_emoji_3-emoji_frequency_non_ironic_20.txt,62,0.1883124772202649
SemEval2018-T3-train-taskA_emoji_1-emoji_frequency_ironic_vs_non_ironic_(ratio)_20.txt,200,0.6074596039363342
SemEval2018-T3-train-taskA_emoji_4-emoji_frequency_ironic_5.txt,9,0.027335682177138665
SemEval2018-T3-train-taskA_emoji_4-emoji_frequency_ironic_20.txt,23,0.06985785445267823
SemEval2018-T3-train-taskA_emoji_1-emoji_frequency_3.txt,142,0.4312963187948071
SemEval2018-T3-train-taskA_emoji_4-emoji_frequency_ironic_vs_non_ironic_3.txt,25,0.07593245049204711
SemEval2018-T3-train-taskA_emoji_2-emoji_frequency_ironic_17.txt,70,0.212610861377712
SemEval2018-T3-train-taskA_emoji_2-emoji_frequency_ironic_10.txt,56,0.17008868910217245
SemEval2018-T3-train-taskA_emoji_1-emoji_frequency_non_ironic_1.txt,91,0.27639411979103556
SemEval2018-T3-train-taskA_emoji_1-emoji_frequency_ironic_vs_non_ironic_(ratio)_7.txt,83,0.25209573563357424
SemEval2018-T3-train-taskA_emoji_2-emoji_frequency_ironic_vs_non_ironic_13.txt,68,0.20653626533835734
SemEval2018-T3-train-taskA_emoji_4-emoji_frequency_2.txt,22,0.06682055643300089
SemEval2018-T3-train-taskA_emoji_1-emoji_frequency_2.txt,120,0.36447576236180623
SemEval2018-T3-train-taskA_emoji_4-emoji_frequency_non_ironic_15.txt,37,0.11238002672821779
SemEval2018-T3-train-taskA_emoji_3-emoji_frequency_ironic_vs_non_ironic_3.txt,29,0.08808164257077067
SemEval2018-T3-train-taskA_emoji_1-emoji_frequency_ironic_18.txt,312,0.9476369821406934
SemEval2018-T3-train-taskA_emoji_2-emoji_frequency_non_ironic_14.txt,99,0.3006925039484827
SemEval2018-T3-train-taskA_emoji_3-emoji_frequency_ironic_vs_non_ironic_12.txt,51,0.15490219900377156
SemEval2018-T3-train-taskA_emoji_2-emoji_frequency_16.txt,110,0.33410278216499023
SemEval2018-T3-train-taskA_emoji_3-emoji_frequency_ironic_vs_non_ironic_(ratio)_1.txt,4,0.012149192078723559
SemEval2018-T3-train-taskA_emoji_1-emoji_frequency_non_ironic_7.txt,194,0.5892358158182418
SemEval2018-T3-train-taskA_emoji_2-emoji_frequency_ironic_vs_non_ironic_15.txt,72,0.2186854574170809
SemEval2018-T3-train-taskA_emoji_3-emoji_frequency_non_ironic_10.txt,52,0.1579394970234489
SemEval2018-T3-train-taskA_emoji_4-emoji_frequency_non_ironic_17.txt,39,0.11845462276758667
SemEval2018-T3-train-taskA_emoji_2-emoji_frequency_ironic_20.txt,74,0.22476005345644978
SemEval2018-T3-train-taskA_emoji_2-emoji_frequency_ironic_vs_non_ironic_19.txt,107,0.324990888105944
SemEval2018-T3-train-taskA_emoji_3-emoji_frequency_ironic_vs_non_ironic_6.txt,45,0.1366784108856791
SemEval2018-T3-train-taskA_emoji_2-emoji_frequency_ironic_3.txt,41,0.12452921880695556
SemEval2018-T3-train-taskA_emoji_2-emoji_frequency_non_ironic_11.txt,91,0.27639411979103556
SemEval2018-T3-train-taskA_emoji_3-emoji_frequency_18.txt,67,0.20349896731868
SemEval2018-T3-train-taskA_emoji_4-emoji_frequency_13.txt,39,0.11845462276758667
SemEval2018-T3-train-taskA_emoji_2-emoji_frequency_non_ironic_13.txt,97,0.294617907909128
SemEval2018-T3-train-taskA_emoji_3-emoji_frequency_ironic_vs_non_ironic_11.txt,50,0.15186490098408
SemEval2018-T3-train-taskA_emoji_2-emoji_frequency_ironic_vs_non_ironic_(ratio)_19.txt,110,0.33410278216499023
SemEval2018-T3-train-taskA_emoji_4-emoji_frequency_non_ironic_1.txt,19,0.05770866237395467
SemEval2018-T3-train-taskA_emoji_4-emoji_frequency_9.txt,35,0.10630543068886311
SemEval2018-T3-train-taskA_emoji_4-emoji_frequency_7.txt,33,0.10023083464949423
SemEval2018-T3-train-taskA_emoji_1-emoji_frequency_ironic_17.txt,294,0.892965617786416
SemEval2018-T3-train-taskA_emoji_3-emoji_frequency_ironic_vs_non_ironic_(ratio)_7.txt,49,0.14882760296440267
SemEval2018-T3-train-taskA_emoji_2-emoji_frequency_1.txt,29,0.08808164257077067
SemEval2018-T3-train-taskA_emoji_2-emoji_frequency_4.txt,65,0.19742437127931112
SemEval2018-T3-train-taskA_emoji_1-emoji_frequency_5.txt,178,0.5406390475033476
SemEval2018-T3-train-taskA_emoji_3-emoji_frequency_non_ironic_2.txt,31,0.09415623861012534
SemEval2018-T3-train-taskA_emoji_2-emoji_frequency_ironic_vs_non_ironic_4.txt,40,0.12149192078726401
SemEval2018-T3-train-taskA_emoji_2-emoji_frequency_non_ironic_3.txt,58,0.17616328514154134
SemEval2018-T3-train-taskA_emoji_2-emoji_frequency_non_ironic_15.txt,101,0.30676709998785157
SemEval2018-T3-train-taskA_emoji_4-emoji_frequency_ironic_vs_non_ironic_20.txt,42,0.1275665168266329
SemEval2018-T3-train-taskA_emoji_2-emoji_frequency_ironic_11.txt,57,0.1731259871218498
SemEval2018-T3-train-taskA_emoji_2-emoji_frequency_ironic_vs_non_ironic_16.txt,74,0.22476005345644978
SemEval2018-T3-train-taskA_emoji_3-emoji_frequency_ironic_vs_non_ironic_(ratio)_5.txt,44,0.13364111286598757
SemEval2018-T3-train-taskA_emoji_1-emoji_frequency_non_ironic_19.txt,334,1.01445753857368
SemEval2018-T3-train-taskA_emoji_1-emoji_frequency_non_ironic_9.txt,216,0.6560563722512427
SemEval2018-T3-train-taskA_emoji_3-emoji_frequency_ironic_vs_non_ironic_(ratio)_17.txt,59,0.17920058316121867
SemEval2018-T3-train-taskA_emoji_3-emoji_frequency_ironic_vs_non_ironic_8.txt,47,0.1427530069250338
SemEval2018-T3-train-taskA_emoji_1-emoji_frequency_6.txt,195,0.5922731138379334
SemEval2018-T3-train-taskA_emoji_4-emoji_frequency_ironic_16.txt,19,0.05770866237395467
SemEval2018-T3-train-taskA_emoji_3-emoji_frequency_ironic_7.txt,26,0.07896974851172445
SemEval2018-T3-train-taskA_emoji_2-emoji_frequency_ironic_vs_non_ironic_11.txt,64,0.19438707325963378
SemEval2018-T3-train-taskA_emoji_3-emoji_frequency_19.txt,68,0.20653626533835734
SemEval2018-T3-train-taskA_emoji_2-emoji_frequency_ironic_vs_non_ironic_20.txt,108,0.32802818612562135
SemEval2018-T3-train-taskA_emoji_4-emoji_frequency_ironic_vs_non_ironic_11.txt,33,0.10023083464949423
SemEval2018-T3-train-taskA_emoji_1-emoji_frequency_ironic_13.txt,271,0.8231077633337378
SemEval2018-T3-train-taskA_emoji_3-emoji_frequency_non_ironic_14.txt,56,0.17008868910217245
SemEval2018-T3-train-taskA_emoji_4-emoji_frequency_ironic_vs_non_ironic_(ratio)_8.txt,30,0.091118940590448
SemEval2018-T3-train-taskA_emoji_4-emoji_frequency_ironic_1.txt,3,0.009111894059046222
SemEval2018-T3-train-taskA_emoji_4-emoji_frequency_ironic_9.txt,13,0.03948487425586222
SemEval2018-T3-train-taskA_emoji_4-emoji_frequency_ironic_13.txt,16,0.048596768314908445
SemEval2018-T3-train-taskA_emoji_3-emoji_frequency_17.txt,66,0.20046166929898845
SemEval2018-T3-train-taskA_emoji_4-emoji_frequency_ironic_vs_non_ironic_(ratio)_2.txt,22,0.06682055643300089
SemEval2018-T3-train-taskA_emoji_4-emoji_frequency_ironic_3.txt,7,0.02126108613776978
SemEval2018-T3-train-taskA_emoji_4-emoji_frequency_ironic_vs_non_ironic_(ratio)_4.txt,26,0.07896974851172445
SemEval2018-T3-train-taskA_emoji_1-emoji_frequency_ironic_vs_non_ironic_12.txt,268,0.8139958692746916
SemEval2018-T3-train-taskA_emoji_4-emoji_frequency_non_ironic_6.txt,28,0.08504434455109333
SemEval2018-T3-train-taskA_emoji_1-emoji_frequency_ironic_1.txt,91,0.27639411979103556
SemEval2018-T3-train-taskA_emoji_4-emoji_frequency_17.txt,42,0.1275665168266329
SemEval2018-T3-train-taskA_emoji_2-emoji_frequency_ironic_vs_non_ironic_17.txt,77,0.233871947515496
SemEval2018-T3-train-taskA_emoji_1-emoji_frequency_ironic_19.txt,322,0.9780099623375094
SemEval2018-T3-train-taskA_emoji_2-emoji_frequency_ironic_vs_non_ironic_(ratio)_1.txt,3,0.009111894059046222
SemEval2018-T3-train-taskA_emoji_4-emoji_frequency_non_ironic_3.txt,25,0.07593245049204711
SemEval2018-T3-train-taskA_emoji_1-emoji_frequency_ironic_vs_non_ironic_(ratio)_17.txt,171,0.5193779613655636
SemEval2018-T3-train-taskA_emoji_2-emoji_frequency_19.txt,116,0.3523265702830827
SemEval2018-T3-train-taskA_emoji_3-emoji_frequency_ironic_vs_non_ironic_4.txt,32,0.09719353662981689
SemEval2018-T3-train-taskA_emoji_4-emoji_frequency_ironic_17.txt,20,0.060745960393632004
SemEval2018-T3-train-taskA_emoji_4-emoji_frequency_ironic_vs_non_ironic_(ratio)_3.txt,25,0.07593245049204711
SemEval2018-T3-train-taskA_emoji_4-emoji_frequency_18.txt,43,0.13060381484631023
SemEval2018-T3-train-taskA_emoji_1-emoji_frequency_ironic_vs_non_ironic_(ratio)_1.txt,11,0.03341027821649334
SemEval2018-T3-train-taskA_emoji_4-emoji_frequency_ironic_vs_non_ironic_16.txt,38,0.11541732474790933
SemEval2018-T3-train-taskA_emoji_2-emoji_frequency_non_ironic_1.txt,21,0.06378325841330934
SemEval2018-T3-train-taskA_emoji_4-emoji_frequency_ironic_vs_non_ironic_2.txt,22,0.06682055643300089
SemEval2018-T3-train-taskA_emoji_4-emoji_frequency_ironic_vs_non_ironic_13.txt,35,0.10630543068886311
SemEval2018-T3-train-taskA_emoji_3-emoji_frequency_ironic_17.txt,37,0.11238002672821779
>>>>>>> 2815e7afa34cb5f723cd75248646a4c4f0fc65c2
